id;data_inversa;dia_semana;horario;uf;br;km;municipio;causa_acidente;tipo_acidente;classificacao_acidente;fase_dia;sentido_via;condicao_metereologica;tipo_pista;tracado_via;uso_solo;pessoas;veiculos
487089;2009-02-04;Quarta;18:00:00;SP;116;157.5;SAO JOSE DOS CAMPOS;Falta de atenção;Colisão traseira;Sem Vítimas;Pleno dia;Decrescente;Chuva;Dupla;Reta;Urbano;2;2
487110;2009-02-04;Quarta;18:30:00;SP;116;156.0;SAO JOSE DOS CAMPOS;Outras;Saída de Pista;Sem Vítimas;Pleno dia;Decrescente;Nublado;Dupla;Reta;Urbano;1;1
487143;2009-02-06;Sexta;04:35:00;SP;116;227.0;GUARULHOS;Outras;Colisão traseira;Com Vítimas Feridas;Plena noite;Decrescente;Nublado;Múltipla;Reta;Urbano;2;2
487174;2009-02-05;Quinta;17:30:00;SP;116;213.4;GUARULHOS;Falta de atenção;Colisão traseira;Sem Vítimas;Pleno dia;Decrescente;Chuva;Múltipla;Reta;Urbano;3;3
487345;2009-02-04;Quarta;23:00:00;SP;116;137.0;SAO JOSE DOS CAMPOS;Outras;Colisão com objeto fixo;Sem Vítimas;Plena noite;Decrescente;Nublado;Dupla;Reta;Urbano;1;1
487350;2009-02-05;Quinta;07:45:00;SP;116;132.1;CACAPAVA;Outras;Colisão lateral;Sem Vítimas;Pleno dia;Decrescente;Ceu Claro;Dupla;Reta;Rural;2;2
487353;2009-02-07;Sábado;14:15:00;SP;116;225.0;GUARULHOS;Falta de atenção;Colisão lateral;Sem Vítimas;Pleno dia;Decrescente;Ceu Claro;Múltipla;Reta;Urbano;3;3
487379;2009-02-08;Domingo;14:30:00;SP;116;102.1;PINDAMONHANGABA;Outras;Capotamento;Com Vítimas Fatais;Pleno dia;Decrescente;Sol;Dupla;Reta;Rural;3;2
487398;2009-02-05;Quinta;17:15:00;SP;116;216.0;GUARULHOS;Falta de atenção;Colisão traseira;Sem Vítimas;Pleno dia;Crescente;Chuva;Múltipla;Reta;Urbano;3;3
487456;2009-02-08;Domingo;08:45:00;SP;116;101.9;PINDAMONHANGABA;Outras;Colisão com objeto fixo;Sem Vítimas;Pleno dia;Crescente;Nublado;Dupla;Reta;Urbano;1;1
487458;2009-02-03;Terça;14:00:00;SP;116;222.8;GUARULHOS;Outras;Colisão traseira;Com Vítimas Feridas;Pleno dia;Decrescente;Ceu Claro;Múltipla;Reta;Urbano;3;2
487470;2009-02-07;Sábado;16:15:00;SP;116;109.4;TAUBATE;Outras;Colisão lateral;Sem Vítimas;Pleno dia;Crescente;Ceu Claro;Dupla;Reta;Urbano;2;2
487480;2009-02-03;Terça;13:30:00;SP;116;213.2;GUARULHOS;Falta de atenção;Colisão traseira;Sem Vítimas;Pleno dia;Decrescente;Ceu Claro;Múltipla;Reta;Urbano;2;2
487490;2009-02-08;Domingo;19:50:00;SP;116;118.0;TAUBATE;Outras;Colisão com objeto fixo;Sem Vítimas;Plena noite;Decrescente;Chuva;Dupla;Reta;Urbano;1;1
487515;2009-01-30;Sexta;13:30:00;SP;116;219.0;GUARULHOS;Não guardar distância de segurança;Colisão com objeto fixo;Sem Vítimas;Pleno dia;Crescente;Ceu Claro;Múltipla;Reta;Urbano;2;2
487762;2009-02-09;Segunda;06:50:00;SP;116;217.8;GUARULHOS;Falta de atenção;Colisão traseira;Sem Vítimas;Pleno dia;Decrescente;Nublado;Múltipla;Reta;Urbano;2;2
487776;2009-02-07;Sábado;18:35:00;SP;116;183.0;SANTA ISABEL;Outras;Colisão com objeto fixo;Sem Vítimas;Anoitecer;Decrescente;Chuva;Dupla;Reta;Urbano;1;1
487777;2009-02-03;Terça;15:52:00;SP;116;217.9;GUARULHOS;Falta de atenção;Saída de Pista;Com Vítimas Feridas;Pleno dia;Crescente;Nublado;Múltipla;Reta;Urbano;2;1
487867;2009-02-09;Segunda;05:10:00;SP;116;180.0;SANTA ISABEL;Outras;Colisão com objeto fixo;Com Vítimas Feridas;Amanhecer;Decrescente;Nublado;Dupla;Reta;Urbano;1;1
487932;2009-02-08;Domingo;15:20:00;SP;116;215.0;GUARULHOS;Falta de atenção;Colisão com objeto fixo;Sem Vítimas;Pleno dia;Decrescente;Chuva;Dupla;Reta;Urbano;1;1
487970;2009-02-07;Sábado;18:35:00;SP;116;183.9;SANTA ISABEL;Velocidade incompatível;Colisão lateral;Sem Vítimas;Anoitecer;Decrescente;Chuva;Dupla;Reta;Rural;2;2
487977;2009-02-08;Domingo;16:35:00;SP;116;107.4;TAUBATE;Velocidade incompatível;Colisão traseira;Sem Vítimas;Pleno dia;Crescente;Chuva;Dupla;Reta;Urbano;4;4
488000;2009-02-08;Domingo;17:00:00;SP;116;101.0;PINDAMONHANGABA;Outras;Colisão com objeto fixo;Sem Vítimas;Pleno dia;Crescente;Chuva;Dupla;Reta;Rural;1;1
488015;2009-02-09;Segunda;21:45:00;SP;116;151.2;SAO JOSE DOS CAMPOS;Outras;Atropelamento de pessoa;Com Vítimas Fatais;Plena noite;Crescente;Ceu Claro;Dupla;Reta;Urbano;2;1
488068;2009-02-09;Segunda;23:50:00;SP;116;135.0;SAO JOSE DOS CAMPOS;Outras;Colisão traseira;Com Vítimas Feridas;Plena noite;Decrescente;Chuva;Dupla;Reta;Urbano;2;2
488152;2009-02-05;Quinta;16:45:00;SP;116;145.0;SAO JOSE DOS CAMPOS;Outras;Colisão traseira;Com Vítimas Feridas;Pleno dia;Decrescente;Sol;Dupla;Reta;Urbano;2;2
488215;2009-02-09;Segunda;09:20:00;SP;116;153.0;SAO JOSE DOS CAMPOS;Falta de atenção;Colisão traseira;Com Vítimas Feridas;Pleno dia;Decrescente;Sol;Dupla;Reta;Urbano;4;2
488294;2009-02-07;Sábado;00:00:00;SP;116;178.0;GUARAREMA;Defeito mecânico em veículo;Colisão traseira;Sem Vítimas;Plena noite;Decrescente;Ceu Claro;Dupla;Reta;Rural;2;2
488378;2009-02-09;Segunda;23:30:00;SP;116;223.0;GUARULHOS;Falta de atenção;Colisão traseira;Sem Vítimas;Plena noite;Decrescente;Ceu Claro;Múltipla;Reta;Urbano;2;2
488419;2009-02-06;Sexta;18:30:00;SP;116;161.5;JACAREI;Não guardar distância de segurança;Colisão lateral;Sem Vítimas;Pleno dia;Decrescente;Ceu Claro;Dupla;Reta;Urbano;2;2
488463;2009-02-09;Segunda;18:30:00;SP;116;145.0;SAO JOSE DOS CAMPOS;Falta de atenção;Colisão traseira;Sem Vítimas;Pleno dia;Decrescente;Chuva;Dupla;Reta;Urbano;2;2
488481;2009-02-06;Sexta;05:50:00;SP;116;189.1;SANTA ISABEL;Falta de atenção;Colisão traseira;Sem Vítimas;Amanhecer;Crescente;Nublado;Dupla;Curva;Rural;2;2
488579;2009-02-07;Sábado;20:10:00;SP;116;197.0;ARUJA;Outras;Saída de Pista;Sem Vítimas;Plena noite;Decrescente;Chuva;Dupla;Reta;Urbano;1;1
488601;2009-02-08;Domingo;06:00:00;SP;116;219.0;GUARULHOS;Falta de atenção;Queda de motocicleta / bicicleta / veículo;Com Vítimas Feridas;Amanhecer;Decrescente;Ceu Claro;Múltipla;Reta;Urbano;1;1
488613;2009-02-08;Domingo;13:50:00;SP;116;219.0;GUARULHOS;Outras;Colisão traseira;Com Vítimas Feridas;Pleno dia;Decrescente;Ceu Claro;Múltipla;Reta;Urbano;3;2
488672;2009-02-10;Terça;02:20:00;SP;116;122.0;CACAPAVA;Outras;Atropelamento de pessoa;Com Vítimas Fatais;Plena noite;Crescente;Nublado;Dupla;Reta;Rural;6;5
488680;2009-02-06;Sexta;17:20:00;SP;116;155.8;SAO JOSE DOS CAMPOS;Não guardar distância de segurança;Colisão traseira;Sem Vítimas;Pleno dia;Crescente;Sol;Dupla;Reta;Urbano;4;4
488713;2009-02-11;Quarta;12:20:00;SP;116;216.0;GUARULHOS;Outras;Colisão lateral;Sem Vítimas;Pleno dia;Decrescente;Ceu Claro;Simples;Reta;Urbano;2;2
488791;2009-02-11;Quarta;16:00:00;SP;116;210.0;GUARULHOS;Falta de atenção;Colisão traseira;Sem Vítimas;Pleno dia;Crescente;Ceu Claro;Múltipla;Reta;Urbano;2;2
488793;2009-02-05;Quinta;19:30:00;SP;116;187.0;SANTA ISABEL;Outras;Colisão traseira;Sem Vítimas;Plena noite;Crescente;Ceu Claro;Dupla;Reta;Rural;4;4
488814;2009-02-08;Domingo;21:10:00;SP;116;222.0;GUARULHOS;Outras;Colisão com objeto fixo;Com Vítimas Feridas;Plena noite;Crescente;Nublado;Múltipla;Reta;Rural;2;1
488850;2009-02-10;Terça;09:35:00;SP;116;183.0;SANTA ISABEL;Outras;Colisão traseira;Sem Vítimas;Pleno dia;Crescente;Sol;Dupla;Reta;Rural;2;2
488900;2009-02-10;Terça;21:20:00;SP;116;152.0;SAO JOSE DOS CAMPOS;Falta de atenção;Colisão traseira;Sem Vítimas;Plena noite;Decrescente;Nublado;Dupla;Reta;Urbano;2;2
488910;2009-02-09;Segunda;18:29:00;SP;116;145.0;SAO JOSE DOS CAMPOS;Falta de atenção;Colisão traseira;Sem Vítimas;Plena noite;Decrescente;Ceu Claro;Dupla;Reta;Urbano;4;4
488918;2009-02-11;Quarta;18:55:00;SP;116;150.0;SAO JOSE DOS CAMPOS;Não guardar distância de segurança;Colisão traseira;Sem Vítimas;Plena noite;Crescente;Chuva;Dupla;Reta;Urbano;3;3
489022;2009-02-05;Quinta;20:00:00;SP;116;225.7;GUARULHOS;Outras;Colisão traseira;Sem Vítimas;Plena noite;Crescente;Nublado;Múltipla;Reta;Urbano;2;2
489027;2009-02-09;Segunda;18:00:00;SP;116;204.0;ARUJA;Dormindo;Colisão lateral;Com Vítimas Feridas;Pleno dia;Decrescente;Nublado;Múltipla;Reta;Urbano;2;2
489063;2009-02-08;Domingo;09:10:00;SP;116;214.0;GUARULHOS;Falta de atenção;Colisão traseira;Com Vítimas Feridas;Pleno dia;Crescente;Ceu Claro;Múltipla;Reta;Urbano;2;2
489064;2009-02-05;Quinta;07:40:00;SP;116;162.0;JACAREI;Outras;Queda de motocicleta / bicicleta / veículo;Com Vítimas Feridas;Pleno dia;Decrescente;Ceu Claro;Dupla;Reta;Rural;1;1
489108;2009-02-11;Quarta;14:00:00;SP;116;219.0;GUARULHOS;Falta de atenção;Colisão traseira;Sem Vítimas;Pleno dia;Crescente;Sol;Múltipla;Reta;Urbano;3;3
489209;2009-02-12;Quinta;15:35:00;SP;116;215.9;GUARULHOS;Outras;Queda de motocicleta / bicicleta / veículo;Com Vítimas Feridas;Pleno dia;Decrescente;Chuva;Múltipla;Reta;Urbano;1;1
489286;2009-02-10;Terça;16:45:00;SP;116;130.0;CACAPAVA;Ultrapassagem indevida;Colisão lateral;Sem Vítimas;Pleno dia;Crescente;Chuva;Dupla;Reta;Rural;2;2
489315;2009-02-09;Segunda;19:10:00;SP;116;224.6;GUARULHOS;Outras;Colisão lateral;Sem Vítimas;Anoitecer;Decrescente;Nublado;Múltipla;Reta;Urbano;2;2
489334;2009-02-09;Segunda;15:25:00;SP;116;219.0;GUARULHOS;Outras;Atropelamento de pessoa;Com Vítimas Feridas;Pleno dia;Decrescente;Nublado;Múltipla;Reta;Urbano;2;1
489343;2009-02-08;Domingo;17:15:00;SP;116;106.9;TAUBATE;Não guardar distância de segurança;Colisão traseira;Sem Vítimas;Pleno dia;Crescente;Chuva;Dupla;Reta;Urbano;4;4
489396;2009-02-12;Quinta;20:30:00;SP;116;222.0;GUARULHOS;Outras;Colisão traseira;Sem Vítimas;Plena noite;Decrescente;Ceu Claro;Múltipla;Reta;Urbano;2;2
489454;2009-02-09;Segunda;18:15:00;SP;116;229.0;SAO PAULO;Outras;Colisão traseira;Sem Vítimas;Pleno dia;Decrescente;Chuva;Múltipla;Reta;Urbano;2;2
489468;2009-02-10;Terça;03:00:00;SP;116;104.8;TAUBATE;Outras;Colisão traseira;Sem Vítimas;Plena noite;Crescente;Nublado;Múltipla;Reta;Rural;2;2
489553;2009-02-08;Domingo;18:58:00;SP;116;205.0;ARUJA;Falta de atenção;Colisão traseira;Sem Vítimas;Anoitecer;Crescente;Nublado;Dupla;Reta;Urbano;3;3
489562;2009-02-10;Terça;00:05:00;SP;116;140.0;SAO JOSE DOS CAMPOS;Outras;Colisão com objeto fixo;Sem Vítimas;Plena noite;Crescente;Chuva;Dupla;Reta;Urbano;1;1
489568;2009-02-09;Segunda;10:40:00;SP;116;217.0;GUARULHOS;Outras;Colisão traseira;Sem Vítimas;Pleno dia;Decrescente;Sol;Dupla;Reta;Urbano;2;2
489582;2009-02-11;Quarta;13:15:00;SP;116;220.0;GUARULHOS;Falta de atenção;Colisão traseira;Com Vítimas Feridas;Pleno dia;Decrescente;Ceu Claro;Múltipla;Reta;Urbano;6;5
489678;2009-02-12;Quinta;07:00:00;SP;116;112.8;TAUBATE;Falta de atenção;Colisão traseira;Sem Vítimas;Pleno dia;Crescente;Ceu Claro;Dupla;Reta;Urbano;2;2
489705;2009-02-13;Sexta;11:15:00;SP;116;106.4;TAUBATE;Não guardar distância de segurança;Colisão traseira;Sem Vítimas;Pleno dia;Decrescente;Nublado;Dupla;Reta;Urbano;2;2
489784;2009-02-12;Quinta;18:15:00;SP;116;224.0;GUARULHOS;Falta de atenção;Colisão traseira;Sem Vítimas;Anoitecer;Decrescente;Nublado;Múltipla;Reta;Urbano;2;2
489868;2009-02-13;Sexta;21:20:00;SP;116;215.0;GUARULHOS;Falta de atenção;Colisão traseira;Sem Vítimas;Plena noite;Decrescente;Nublado;Múltipla;Reta;Urbano;3;3
489909;2009-02-14;Sábado;05:10:00;SP;116;117.4;TAUBATE;Outras;Colisão traseira;Sem Vítimas;Plena noite;Decrescente;Chuva;Dupla;Reta;Urbano;2;2
489929;2009-02-13;Sexta;21:20:00;SP;116;225.0;GUARULHOS;Ingestão de álcool;Colisão traseira;Sem Vítimas;Plena noite;Crescente;Nublado;Múltipla;Reta;Rural;3;3
489977;2009-02-11;Quarta;05:21:00;SP;116;105.4;TAUBATE;Outras;Capotamento;Sem Vítimas;Plena noite;Decrescente;Chuva;Dupla;Reta;Urbano;1;1
489997;2009-02-11;Quarta;05:22:00;SP;116;105.4;TAUBATE;Outras;Tombamento;Sem Vítimas;Amanhecer;Decrescente;Nublado;Dupla;Curva;Rural;1;1
490014;2009-02-13;Sexta;17:30:00;SP;116;225.0;GUARULHOS;Outras;Colisão traseira;Com Vítimas Feridas;Pleno dia;Decrescente;Chuva;Múltipla;Reta;Urbano;2;2
490068;2009-02-14;Sábado;11:05:00;SP;116;106.5;TAUBATE;Falta de atenção;Colisão traseira;Sem Vítimas;Pleno dia;Decrescente;Nublado;Dupla;Reta;Urbano;2;2
490088;2009-02-14;Sábado;14:10:00;SP;116;112.4;TAUBATE;Outras;Colisão traseira;Com Vítimas Feridas;Plena noite;Decrescente;Chuva;Dupla;Reta;Urbano;2;2
490096;2009-02-12;Quinta;16:40:00;SP;116;212.7;GUARULHOS;Falta de atenção;Colisão traseira;Sem Vítimas;Pleno dia;Crescente;Chuva;Múltipla;Cruzamento;Urbano;2;2
490158;2009-02-12;Quinta;06:50:00;SP;116;165.0;JACAREI;Outras;Colisão traseira;Sem Vítimas;Amanhecer;Decrescente;Nublado;Múltipla;Reta;Rural;2;2
490183;2009-02-10;Terça;05:15:00;SP;116;161.8;JACAREI;Falta de atenção;Colisão lateral;Sem Vítimas;Plena noite;Crescente;Chuva;Dupla;Reta;Urbano;2;2
490185;2009-02-09;Segunda;19:30:00;SP;116;165.0;JACAREI;Não guardar distância de segurança;Colisão traseira;Sem Vítimas;Plena noite;Decrescente;Ceu Claro;Simples;Reta;Rural;2;2
490206;2009-02-13;Sexta;15:40:00;SP;116;187.0;SANTA ISABEL;Outras;Colisão lateral;Com Vítimas Feridas;Pleno dia;Crescente;Chuva;Simples;Curva;Rural;4;4
490241;2009-02-13;Sexta;08:15:00;SP;116;149.1;SAO JOSE DOS CAMPOS;Não guardar distância de segurança;Colisão traseira;Sem Vítimas;Pleno dia;Decrescente;Nublado;Dupla;Reta;Urbano;2;2
490279;2009-02-13;Sexta;15:15:00;SP;116;147.0;SAO JOSE DOS CAMPOS;Falta de atenção;Colisão traseira;Sem Vítimas;Pleno dia;Decrescente;Nublado;Dupla;Reta;Urbano;2;2
490399;2009-02-13;Sexta;18:50:00;SP;116;158.5;JACAREI;Outras;Colisão traseira;Sem Vítimas;Anoitecer;Decrescente;Chuva;Simples;Reta;Urbano;2;2
490406;2009-02-14;Sábado;17:25:00;SP;116;160.0;SAO JOSE DOS CAMPOS;Falta de atenção;Colisão com objeto fixo;Sem Vítimas;Pleno dia;Crescente;Nublado;Dupla;Reta;Rural;1;1
490441;2009-02-13;Sexta;07:20:00;SP;116;146.0;SAO JOSE DOS CAMPOS;Não guardar distância de segurança;Colisão traseira;Sem Vítimas;Pleno dia;Crescente;Nublado;Dupla;Reta;Urbano;4;4
490533;2009-02-14;Sábado;17:15:00;SP;116;225.0;GUARULHOS;Outras;Colisão traseira;Sem Vítimas;Pleno dia;Crescente;Chuva;Múltipla;Reta;Urbano;4;4
490548;2009-02-15;Domingo;19:05:00;SP;116;101.0;PINDAMONHANGABA;Outras;Colisão traseira;Sem Vítimas;Plena noite;Crescente;Nublado;Dupla;Reta;Rural;2;2
490723;2009-02-15;Domingo;16:00:00;SP;116;216.0;GUARULHOS;Falta de atenção;Colisão traseira;Com Vítimas Feridas;Pleno dia;Decrescente;Ceu Claro;Múltipla;Reta;Urbano;2;2
490762;2009-02-11;Quarta;22:10:00;SP;116;109.0;TAUBATE;Defeito mecânico em veículo;Colisão lateral;Sem Vítimas;Plena noite;Decrescente;Ignorada;Simples;Reta;Urbano;2;2
490772;2009-02-15;Domingo;15:40:00;SP;116;200.0;ARUJA;Falta de atenção;Colisão traseira;Sem Vítimas;Pleno dia;Crescente;Chuva;Múltipla;Reta;Rural;2;2
490944;2009-02-15;Domingo;16:30:00;SP;116;153.0;SAO JOSE DOS CAMPOS;Outras;Colisão lateral;Sem Vítimas;Pleno dia;Crescente;Nublado;Múltipla;Reta;Urbano;2;2
490966;2009-02-13;Sexta;21:00:00;SP;116;219.0;GUARULHOS;Falta de atenção;Colisão traseira;Sem Vítimas;Plena noite;Decrescente;Nublado;Múltipla;Reta;Urbano;2;2
491021;2009-02-16;Segunda;20:25:00;SP;116;118.4;TAUBATE;Falta de atenção;Colisão traseira;Sem Vítimas;Plena noite;Crescente;Nublado;Dupla;Reta;Rural;2;2
491096;2009-02-13;Sexta;19:10:00;SP;116;145.0;SAO JOSE DOS CAMPOS;Outras;Colisão traseira;Sem Vítimas;Plena noite;Crescente;Ceu Claro;Dupla;Reta;Urbano;2;2
491132;2009-02-13;Sexta;18:15:00;SP;116;210.0;GUARULHOS;Ingestão de álcool;Colisão lateral;Com Vítimas Fatais;Pleno dia;Decrescente;Chuva;Múltipla;Reta;Urbano;4;2
491145;2009-02-14;Sábado;22:00:00;SP;116;147.5;SAO JOSE DOS CAMPOS;Outras;Colisão lateral;Com Vítimas Feridas;Plena noite;Decrescente;Chuva;Dupla;Reta;Urbano;2;2
491155;2009-02-15;Domingo;13:00:00;SP;116;225.5;GUARULHOS;Outras;Colisão traseira;Sem Vítimas;Pleno dia;Decrescente;Chuva;Múltipla;Reta;Urbano;2;2
491156;2009-02-16;Segunda;07:40:00;SP;116;155.0;SAO JOSE DOS CAMPOS;Não guardar distância de segurança;Colisão lateral;Com Vítimas Feridas;Pleno dia;Decrescente;Sol;Dupla;Reta;Urbano;4;3
491298;2009-02-14;Sábado;15:35:00;SP;116;209.2;GUARULHOS;Outras;Colisão traseira;Sem Vítimas;Pleno dia;Decrescente;Chuva;Dupla;Reta;Urbano;4;4
491306;2009-02-16;Segunda;07:30:00;SP;116;227.0;GUARULHOS;Falta de atenção;Colisão lateral;Sem Vítimas;Pleno dia;Crescente;Nublado;Múltipla;Cruzamento;Urbano;2;2
491353;2009-02-11;Quarta;07:45:00;SP;116;158.1;SAO JOSE DOS CAMPOS;Não guardar distância de segurança;Colisão traseira;Sem Vítimas;Pleno dia;Decrescente;Sol;Dupla;Reta;Urbano;2;2
491389;2009-02-16;Segunda;15:40:00;SP;116;101.3;PINDAMONHANGABA;Outras;Atropelamento de pessoa;Com Vítimas Feridas;Pleno dia;Crescente;Sol;Dupla;Reta;Rural;2;1
491446;2009-02-17;Terça;16:30:00;SP;116;211.0;GUARULHOS;Desobediência à sinalização;Colisão lateral;Com Vítimas Feridas;Pleno dia;Decrescente;Sol;Múltipla;Reta;Urbano;2;2
491513;2009-02-17;Terça;16:23:00;SP;116;158.0;SAO JOSE DOS CAMPOS;Outras;Colisão traseira;Com Vítimas Feridas;Pleno dia;Decrescente;Ceu Claro;Simples;Curva;Rural;2;2
491526;2009-02-13;Sexta;07:50:00;SP;116;147.0;SAO JOSE DOS CAMPOS;Não guardar distância de segurança;Colisão traseira;Sem Vítimas;Pleno dia;Crescente;Nublado;Múltipla;Reta;Rural;3;3
491587;2009-02-13;Sexta;13:50:00;SP;116;229.9;GUARULHOS;Outras;Colisão lateral;Sem Vítimas;Pleno dia;Crescente;Chuva;Múltipla;Reta;Urbano;2;2
491604;2009-02-08;Domingo;07:30:00;SP;116;211.0;GUARULHOS;Falta de atenção;Colisão traseira;Com Vítimas Feridas;Pleno dia;Decrescente;Nublado;Múltipla;Reta;Urbano;2;2
491613;2009-02-16;Segunda;07:50:00;SP;116;218.0;GUARULHOS;Falta de atenção;Colisão lateral;Sem Vítimas;Amanhecer;Decrescente;Sol;Múltipla;Reta;Urbano;2;2
491630;2009-02-16;Segunda;18:00:00;SP;116;222.5;GUARULHOS;Falta de atenção;Colisão traseira;Sem Vítimas;Anoitecer;Decrescente;Sol;Múltipla;Reta;Urbano;2;2
491631;2009-02-18;Quarta;07:30:00;SP;116;224.0;GUARULHOS;Falta de atenção;Colisão lateral;Com Vítimas Feridas;Plena noite;Decrescente;Ceu Claro;Dupla;Reta;Urbano;2;2
491666;2009-02-18;Quarta;10:40:00;SP;116;168.0;JACAREI;Falta de atenção;Colisão com objeto fixo;Sem Vítimas;Pleno dia;Crescente;Sol;Dupla;Reta;Rural;1;1
491680;2009-02-18;Quarta;06:50:00;SP;116;220.0;GUARULHOS;Falta de atenção;Colisão traseira;Sem Vítimas;Amanhecer;Crescente;Sol;Múltipla;Reta;Urbano;4;4
491832;2009-02-16;Segunda;19:30:00;SP;116;154.3;SAO JOSE DOS CAMPOS;Outras;Colisão traseira;Sem Vítimas;Plena noite;Crescente;Ceu Claro;Dupla;Reta;Urbano;6;6
491865;2009-02-16;Segunda;09:50:00;SP;116;224.0;GUARULHOS;Falta de atenção;Colisão lateral;Sem Vítimas;Pleno dia;Decrescente;Sol;Múltipla;Reta;Urbano;2;2
491874;2009-02-18;Quarta;19:10:00;SP;116;166.5;JACAREI;Outras;Atropelamento de pessoa;Com Vítimas Fatais;Plena noite;Decrescente;Ceu Claro;Dupla;Reta;Rural;3;2
491984;2009-02-13;Sexta;09:30:00;SP;116;118.2;TAUBATE;Defeito mecânico em veículo;Colisão com objeto móvel;Sem Vítimas;Pleno dia;Decrescente;Nublado;Dupla;Reta;Rural;2;2
491995;2009-02-15;Domingo;02:40:00;SP;116;132.8;CACAPAVA;Outras;Colisão com objeto fixo;Sem Vítimas;Amanhecer;Crescente;Chuva;Dupla;Reta;Rural;1;1
492002;2009-02-18;Quarta;07:30:00;SP;116;112.3;TAUBATE;Outras;Colisão lateral;Sem Vítimas;Pleno dia;Decrescente;Sol;Dupla;Reta;Urbano;3;3
492017;2009-02-19;Quinta;07:35:00;SP;116;143.6;SAO JOSE DOS CAMPOS;Outras;Colisão com objeto fixo;Sem Vítimas;Pleno dia;Crescente;Ceu Claro;Dupla;Reta;Urbano;1;1
492036;2009-02-17;Terça;11:30:00;SP;116;227.0;SAO PAULO;Falta de atenção;Colisão traseira;Sem Vítimas;Pleno dia;Crescente;Ceu Claro;Múltipla;Reta;Rural;2;2
492197;2009-02-13;Sexta;21:00:00;SP;116;165.0;JACAREI;Outras;Colisão traseira;Sem Vítimas;Anoitecer;Crescente;Ceu Claro;Múltipla;Reta;Rural;2;2
492200;2009-02-15;Domingo;03:00:00;SP;116;150.0;SAO JOSE DOS CAMPOS;Outras;Colisão traseira;Com Vítimas Feridas;Plena noite;Crescente;Chuva;Dupla;Reta;Urbano;2;2
492267;2009-02-15;Domingo;06:30:00;SP;116;139.7;SAO JOSE DOS CAMPOS;Outras;Colisão com objeto fixo;Sem Vítimas;Pleno dia;Decrescente;Nublado;Dupla;Reta;Urbano;1;1
492288;2009-02-18;Quarta;15:20:00;SP;116;210.0;GUARULHOS;Falta de atenção;Colisão lateral;Com Vítimas Feridas;Pleno dia;Crescente;Sol;Múltipla;Reta;Urbano;2;2
492289;2009-02-18;Quarta;18:48:00;SP;116;119.0;TAUBATE;Não guardar distância de segurança;Colisão traseira;Sem Vítimas;Anoitecer;Decrescente;Ceu Claro;Dupla;Reta;Rural;2;2
492385;2009-02-19;Quinta;18:40:00;SP;116;145.0;SAO JOSE DOS CAMPOS;Falta de atenção;Colisão lateral;Sem Vítimas;Plena noite;Crescente;Ceu Claro;Dupla;Reta;Urbano;2;2
492454;2009-02-19;Quinta;07:40:00;SP;116;229.8;SAO PAULO;Outras;Colisão lateral;Sem Vítimas;Pleno dia;Crescente;Ceu Claro;Múltipla;Reta;Urbano;2;2
492562;2009-02-20;Sexta;16:00:00;SP;116;127.0;CACAPAVA;Falta de atenção;Colisão traseira;Sem Vítimas;Pleno dia;Decrescente;Ceu Claro;Dupla;Reta;Urbano;2;2
492588;2009-02-20;Sexta;15:05:00;SP;116;145.0;SAO JOSE DOS CAMPOS;Falta de atenção;Colisão lateral;Com Vítimas Feridas;Pleno dia;Crescente;Sol;Dupla;Reta;Urbano;2;2
492739;2009-02-19;Quinta;18:10:00;SP;116;132.8;CACAPAVA;Outras;Colisão lateral;Sem Vítimas;Anoitecer;Crescente;Nublado;Dupla;Reta;Rural;2;2
492798;2009-02-16;Segunda;06:45:00;SP;116;180.9;GUARAREMA;Dormindo;Colisão traseira;Com Vítimas Feridas;Amanhecer;Crescente;Nublado;Dupla;Reta;Rural;3;2
492823;2009-02-18;Quarta;19:10:00;SP;116;220.0;GUARULHOS;Falta de atenção;Colisão traseira;Com Vítimas Feridas;Plena noite;Decrescente;Ceu Claro;Múltipla;Reta;Urbano;2;2
492825;2009-02-20;Sexta;20:40:00;SP;116;227.0;SAO PAULO;Falta de atenção;Colisão traseira;Ignorado;Plena noite;Crescente;Nublado;Múltipla;Curva;Urbano;2;2
492908;2009-02-20;Sexta;18:30:00;SP;116;227.0;GUARULHOS;Outras;Colisão traseira;Sem Vítimas;Anoitecer;Decrescente;Ceu Claro;Múltipla;Reta;Urbano;3;3
493003;2009-02-21;Sábado;12:00:00;SP;116;117.0;TAUBATE;Outras;Colisão lateral;Sem Vítimas;Pleno dia;Decrescente;Ceu Claro;Dupla;Reta;Urbano;2;2
493043;2009-02-21;Sábado;14:30:00;SP;116;125.0;CACAPAVA;Outras;Colisão traseira;Sem Vítimas;Pleno dia;Decrescente;Ceu Claro;Dupla;Reta;Urbano;2;2
493129;2009-02-21;Sábado;06:25:00;SP;116;225.0;GUARULHOS;Outras;Capotamento;Sem Vítimas;Amanhecer;Decrescente;Nublado;Múltipla;Reta;Urbano;1;1
493148;2009-02-19;Quinta;16:40:00;SP;116;131.3;CACAPAVA;Defeito mecânico em veículo;Colisão com objeto fixo;Com Vítimas Feridas;Pleno dia;Crescente;Ceu Claro;Dupla;Reta;Rural;2;2