id;data_inversa;dia_semana;horario;uf;br;km;municipio;causa_acidente;tipo_acidente;classificacao_acidente;fase_dia;sentido_via;condicao_metereologica;tipo_pista;tracado_via;uso_solo;pessoas;veiculos
533608;2009-05-28;Quinta;13:40:00;SP;116;217.0;GUARULHOS;Falta de atenção;Colisão traseira;Sem Vítimas;Pleno dia;Decrescente;Nublado;Múltipla;Reta;Urbano;3;3
533674;2009-05-29;Sexta;18:40:00;SP;116;99.0;PINDAMONHANGABA;Outras;Colisão traseira;Sem Vítimas;Plena noite;Crescente;Nublado;Dupla;Reta;Rural;2;2
533729;2009-05-29;Sexta;17:45:00;SP;116;229.0;SAO PAULO;Outras;Colisão lateral;Com Vítimas Feridas;Anoitecer;Decrescente;Nublado;Múltipla;Reta;Urbano;2;2
533744;2009-05-25;Segunda;02:10:00;SP;116;165.0;JACAREI;Outras;Colisão traseira;Com Vítimas Feridas;Plena noite;Decrescente;Nevoeiro/neblina;Dupla;Reta;Urbano;2;2
533756;2009-05-29;Sexta;21:25:00;SP;116;114.0;TAUBATE;Outras;Queda de motocicleta / bicicleta / veículo;Com Vítimas Feridas;Plena noite;Decrescente;Ceu Claro;Dupla;Reta;Urbano;2;1
534041;2009-05-29;Sexta;15:00:00;SP;116;144.8;SAO JOSE DOS CAMPOS;Falta de atenção;Colisão traseira;Sem Vítimas;Pleno dia;Crescente;Ceu Claro;Dupla;Reta;Rural;4;4
534069;2009-05-29;Sexta;23:00:00;SP;116;189.0;SANTA ISABEL;Falta de atenção;Colisão traseira;Sem Vítimas;Plena noite;Crescente;Ceu Claro;Dupla;Reta;Urbano;2;2
534134;2009-05-27;Quarta;09:41:00;SP;116;215.0;GUARULHOS;Outras;Tombamento;Sem Vítimas;Pleno dia;Crescente;Chuva;Múltipla;Reta;Rural;1;1
534145;2009-05-28;Quinta;02:20:00;SP;116;212.0;GUARULHOS;Outras;Colisão lateral;Sem Vítimas;Plena noite;Decrescente;Nublado;Múltipla;Reta;Rural;2;2
534159;2009-05-30;Sábado;21:45:00;SP;116;115.4;TAUBATE;Não guardar distância de segurança;Colisão lateral;Sem Vítimas;Plena noite;Decrescente;Ceu Claro;Dupla;Reta;Urbano;2;2
534197;2009-05-27;Quarta;06:15:00;SP;116;219.0;GUARULHOS;Outras;Colisão lateral;Sem Vítimas;Amanhecer;Crescente;Nublado;Múltipla;Reta;Urbano;2;2
534352;2009-05-31;Domingo;06:20:00;SP;116;101.5;PINDAMONHANGABA;Outras;Tombamento;Com Vítimas Feridas;Amanhecer;Crescente;Nublado;Dupla;Reta;Rural;3;2
534406;2009-05-29;Sexta;16:40:00;SP;116;159.0;JACAREI;Não guardar distância de segurança;Colisão lateral;Com Vítimas Feridas;Pleno dia;Decrescente;Ceu Claro;Dupla;Reta;Rural;2;2
534420;2009-05-29;Sexta;22:15:00;SP;116;145.0;SAO JOSE DOS CAMPOS;Outras;Queda de motocicleta / bicicleta / veículo;Com Vítimas Feridas;Plena noite;Decrescente;Ceu Claro;Dupla;Reta;Rural;2;1
534443;2009-05-31;Domingo;16:00:00;SP;116;146.0;SAO JOSE DOS CAMPOS;Outras;Colisão traseira;Sem Vítimas;Pleno dia;Crescente;Ceu Claro;Múltipla;Reta;Urbano;2;2
534510;2009-05-31;Domingo;17:19:00;SP;116;144.7;SAO JOSE DOS CAMPOS;Outras;Colisão traseira;Com Vítimas Feridas;Pleno dia;Crescente;Ceu Claro;Múltipla;Reta;Urbano;2;2
534569;2009-05-31;Domingo;16:00:00;SP;116;172.0;JACAREI;Outras;Colisão traseira;Sem Vítimas;Pleno dia;Decrescente;Ceu Claro;Dupla;Reta;Rural;2;2
534589;2009-05-29;Sexta;23:30:00;SP;116;227.5;SAO PAULO;Defeito mecânico em veículo;Colisão traseira;Com Vítimas Feridas;Plena noite;Decrescente;Ceu Claro;Múltipla;Reta;Urbano;7;4
534598;2009-06-01;Segunda;00:30:00;SP;116;149.0;SAO JOSE DOS CAMPOS;Outras;Capotamento;Sem Vítimas;Plena noite;Decrescente;Granizo;Dupla;Reta;Urbano;1;1
534649;2009-05-31;Domingo;17:11:00;SP;116;222.6;GUARULHOS;Outras;Colisão com objeto fixo;Sem Vítimas;Pleno dia;Decrescente;Nublado;Múltipla;Reta;Urbano;2;2
534665;2009-05-24;Domingo;06:40:00;SP;116;227.0;GUARULHOS;Outras;Colisão com objeto fixo;Com Vítimas Feridas;Amanhecer;Decrescente;Nublado;Múltipla;Reta;Urbano;2;2
534671;2009-06-01;Segunda;01:15:00;SP;116;184.8;SANTA ISABEL;Outras;Atropelamento de animal;Sem Vítimas;Plena noite;Crescente;Nublado;Dupla;Reta;Rural;1;1
534686;2009-06-01;Segunda;07:15:00;SP;116;165.0;JACAREI;Outras;Colisão com objeto móvel;Sem Vítimas;Pleno dia;Crescente;Ceu Claro;Múltipla;Reta;Rural;1;1
534740;2009-05-29;Sexta;17:20:00;SP;116;155.0;SAO JOSE DOS CAMPOS;Falta de atenção;Colisão traseira;Sem Vítimas;Pleno dia;Crescente;Sol;Dupla;Reta;Urbano;2;2
534767;2009-05-28;Quinta;19:45:00;SP;116;173.0;JACAREI;Outras;Colisão com objeto móvel;Sem Vítimas;Plena noite;Decrescente;Nublado;Dupla;Reta;Rural;1;1
534912;2009-05-29;Sexta;15:01:00;SP;116;144.7;SAO JOSE DOS CAMPOS;Falta de atenção;Colisão traseira;Sem Vítimas;Pleno dia;Crescente;Nublado;Dupla;Reta;Urbano;4;4
534924;2009-05-28;Quinta;12:00:00;SP;116;219.0;GUARULHOS;Falta de atenção;Colisão lateral;Com Vítimas Feridas;Pleno dia;Decrescente;Sol;Múltipla;Reta;Urbano;6;2
534935;2009-06-01;Segunda;15:10:00;SP;116;139.0;SAO JOSE DOS CAMPOS;Outras;Colisão lateral;Com Vítimas Feridas;Pleno dia;Decrescente;Sol;Dupla;Reta;Rural;2;2
535104;2009-06-01;Segunda;14:05:00;SP;116;220.0;GUARULHOS;Falta de atenção;Colisão com objeto fixo;Sem Vítimas;Pleno dia;Decrescente;Sol;Múltipla;Reta;Urbano;2;2
535126;2009-05-28;Quinta;18:40:00;SP;116;225.0;GUARULHOS;Falta de atenção;Colisão traseira;Sem Vítimas;Plena noite;Decrescente;Ceu Claro;Múltipla;Reta;Urbano;3;3
535135;2009-06-01;Segunda;08:20:00;SP;116;218.5;GUARULHOS;Falta de atenção;Colisão traseira;Sem Vítimas;Pleno dia;Decrescente;Nublado;Múltipla;Reta;Urbano;2;2
535143;2009-06-01;Segunda;15:36:00;SP;116;217.0;GUARULHOS;Defeito mecânico em veículo;Colisão traseira;Sem Vítimas;Pleno dia;Crescente;Ceu Claro;Múltipla;Reta;Urbano;3;3
535178;2009-05-29;Sexta;20:30:00;SP;116;129.0;CACAPAVA;Outras;Colisão lateral;Sem Vítimas;Plena noite;Decrescente;Nublado;Dupla;Reta;Urbano;2;2
535274;2009-05-30;Sábado;02:20:00;SP;116;112.0;TAUBATE;Outras;Danos Eventuais;Sem Vítimas;Amanhecer;Crescente;Ceu Claro;Dupla;Reta;Urbano;1;1
535373;2009-06-01;Segunda;05:45:00;SP;116;128.0;CACAPAVA;Outras;Colisão lateral;Sem Vítimas;Amanhecer;Decrescente;Chuva;Dupla;Reta;Rural;3;3
535424;2009-06-01;Segunda;13:00:00;SP;116;186.0;SANTA ISABEL;Defeito mecânico em veículo;Tombamento;Sem Vítimas;Pleno dia;Decrescente;Ceu Claro;Simples;Curva;Urbano;1;1
535448;2009-06-02;Terça;12:30:00;SP;116;222.6;GUARULHOS;Outras;Colisão lateral;Sem Vítimas;Pleno dia;Decrescente;Ceu Claro;Múltipla;Reta;Urbano;2;2
535465;2009-06-02;Terça;19:30:00;SP;116;99.1;TAUBATE;Outras;Colisão traseira;Sem Vítimas;Plena noite;Crescente;Ceu Claro;Dupla;Reta;Rural;2;2
535496;2009-05-30;Sábado;00:30:00;SP;116;217.0;GUARULHOS;Outras;Colisão com objeto móvel;Sem Vítimas;Plena noite;Decrescente;Ceu Claro;Múltipla;Reta;Urbano;2;2
535522;2009-06-02;Terça;23:16:00;SP;116;102.4;TAUBATE;Falta de atenção;Saída de Pista;Sem Vítimas;Plena noite;Crescente;Ceu Claro;Dupla;Reta;Rural;1;1
535576;2009-06-02;Terça;13:45:00;SP;116;126.0;CACAPAVA;Outras;Danos Eventuais;Sem Vítimas;Pleno dia;Crescente;Ceu Claro;Dupla;Reta;Urbano;1;1
535636;2009-06-01;Segunda;17:30:00;SP;116;225.0;GUARULHOS;Falta de atenção;Colisão traseira;Sem Vítimas;Anoitecer;Decrescente;Ceu Claro;Dupla;Reta;Rural;2;2
535669;2009-05-24;Domingo;18:00:00;SP;116;145.0;SAO JOSE DOS CAMPOS;Não guardar distância de segurança;Colisão traseira;Sem Vítimas;Anoitecer;Crescente;Ceu Claro;Dupla;Reta;Urbano;6;6
535674;2009-05-31;Domingo;07:00:00;SP;116;110.3;TAUBATE;Dormindo;Colisão lateral;Sem Vítimas;Pleno dia;Crescente;Sol;Dupla;Reta;Urbano;2;2
535757;2009-06-03;Quarta;10:45:00;SP;116;144.9;SAO JOSE DOS CAMPOS;Outras;Colisão traseira;Sem Vítimas;Pleno dia;Crescente;Ceu Claro;Dupla;Reta;Urbano;2;2
535791;2009-06-03;Quarta;08:40:00;SP;116;144.5;SAO JOSE DOS CAMPOS;Outras;Colisão traseira;Sem Vítimas;Pleno dia;Crescente;Ceu Claro;Múltipla;Reta;Urbano;3;3
535829;2009-06-01;Segunda;08:30:00;SP;116;226.0;GUARULHOS;Falta de atenção;Colisão traseira;Com Vítimas Feridas;Pleno dia;Crescente;Ceu Claro;Múltipla;Reta;Urbano;2;2
535837;2009-06-03;Quarta;17:50:00;SP;116;143.0;SAO JOSE DOS CAMPOS;Outras;Colisão traseira;Sem Vítimas;Amanhecer;Crescente;Ceu Claro;Dupla;Reta;Urbano;3;3
535864;2009-06-02;Terça;09:20:00;SP;116;156.0;SAO JOSE DOS CAMPOS;Falta de atenção;Colisão traseira;Sem Vítimas;Amanhecer;Crescente;Ceu Claro;Dupla;Reta;Rural;2;2
535993;2009-05-31;Domingo;10:50:00;SP;116;222.2;GUARULHOS;Falta de atenção;Colisão lateral;Sem Vítimas;Pleno dia;Crescente;Nublado;Múltipla;Reta;Urbano;2;2
536088;2009-05-27;Quarta;09:00:00;SP;116;156.0;SAO JOSE DOS CAMPOS;Outras;Colisão traseira;Sem Vítimas;Pleno dia;Decrescente;Chuva;Dupla;Reta;Urbano;2;2
536234;2009-06-04;Quinta;09:35:00;SP;116;141.4;SAO JOSE DOS CAMPOS;Não guardar distância de segurança;Colisão traseira;Sem Vítimas;Pleno dia;Decrescente;Ceu Claro;Dupla;Reta;Urbano;2;2
536243;2009-06-04;Quinta;09:25:00;SP;116;142.3;SAO JOSE DOS CAMPOS;Outras;Colisão traseira;Sem Vítimas;Pleno dia;Decrescente;Ceu Claro;Dupla;Reta;Urbano;4;4
536256;2009-06-04;Quinta;12:37:00;SP;116;145.0;SAO JOSE DOS CAMPOS;Não guardar distância de segurança;Colisão traseira;Com Vítimas Feridas;Pleno dia;Crescente;Ceu Claro;Múltipla;Reta;Urbano;2;2
536288;2009-06-04;Quinta;18:00:00;SP;116;205.0;GUARULHOS;Outras;Queda de motocicleta / bicicleta / veículo;Com Vítimas Feridas;Anoitecer;Decrescente;Ceu Claro;Múltipla;Reta;Urbano;1;1
536306;2009-06-04;Quinta;18:59:00;SP;116;140.6;SAO JOSE DOS CAMPOS;Outras;Colisão traseira;Sem Vítimas;Plena noite;Crescente;Ceu Claro;Dupla;Reta;Urbano;2;2
536314;2009-06-04;Quinta;08:55:00;SP;116;219.3;GUARULHOS;Falta de atenção;Colisão Transversal;Com Vítimas Feridas;Pleno dia;Crescente;Ceu Claro;Múltipla;Reta;Urbano;3;3
536379;2009-06-04;Quinta;08:20:00;SP;116;219.4;GUARULHOS;Falta de atenção;Colisão traseira;Com Vítimas Feridas;Pleno dia;Crescente;Ceu Claro;Múltipla;Reta;Urbano;3;3
536463;2009-06-02;Terça;16:20:00;SP;116;170.0;JACAREI;Dormindo;Colisão traseira;Sem Vítimas;Pleno dia;Decrescente;Ceu Claro;Dupla;Reta;Rural;2;2
536499;2009-06-03;Quarta;19:40:00;SP;116;227.0;GUARULHOS;Outras;Queda de motocicleta / bicicleta / veículo;Com Vítimas Feridas;Plena noite;Crescente;Ceu Claro;Múltipla;Reta;Urbano;2;1
536510;2009-06-03;Quarta;07:20:00;SP;116;227.0;GUARULHOS;Outras;Colisão traseira;Com Vítimas Feridas;Pleno dia;Crescente;Ceu Claro;Múltipla;Reta;Urbano;3;3
536539;2009-06-02;Terça;18:50:00;SP;116;219.0;GUARULHOS;Outras;Colisão traseira;Sem Vítimas;Plena noite;Decrescente;Ceu Claro;Múltipla;Reta;Urbano;2;2
536544;2009-06-05;Sexta;08:00:00;SP;116;157.1;SAO JOSE DOS CAMPOS;Falta de atenção;Colisão lateral;Sem Vítimas;Pleno dia;Decrescente;Sol;Dupla;Reta;Urbano;3;3
536593;2009-06-02;Terça;17:40:00;SP;116;224.2;GUARULHOS;Falta de atenção;Atropelamento de pessoa;Com Vítimas Feridas;Anoitecer;Crescente;Ceu Claro;Múltipla;Reta;Urbano;2;1
536614;2009-06-05;Sexta;10:55:00;SP;116;117.0;TAUBATE;Outras;Queda de motocicleta / bicicleta / veículo;Sem Vítimas;Pleno dia;Crescente;Sol;Dupla;Curva;Rural;1;1
536640;2009-05-30;Sábado;17:00:00;SP;116;116.7;TAUBATE;Outras;Capotamento;Com Vítimas Feridas;Pleno dia;Decrescente;Ceu Claro;Dupla;Reta;Urbano;2;2
536648;2009-06-05;Sexta;07:50:00;SP;116;155.8;SAO JOSE DOS CAMPOS;Outras;Colisão traseira;Sem Vítimas;Pleno dia;Decrescente;Sol;Dupla;Reta;Urbano;3;3
536673;2009-06-05;Sexta;12:10:00;SP;116;132.0;CACAPAVA;Outras;Colisão traseira;Sem Vítimas;Pleno dia;Decrescente;Sol;Dupla;Reta;Rural;3;3
536713;2009-06-05;Sexta;15:10:00;SP;116;212.0;GUARULHOS;Falta de atenção;Colisão traseira;Sem Vítimas;Pleno dia;Decrescente;Ceu Claro;Múltipla;Reta;Urbano;3;3
536729;2009-06-05;Sexta;18:10:00;SP;116;149.4;SAO JOSE DOS CAMPOS;Outras;Colisão lateral;Sem Vítimas;Plena noite;Crescente;Ceu Claro;Dupla;Reta;Urbano;2;2
536786;2009-06-02;Terça;21:40:00;SP;116;201.0;ARUJA;Falta de atenção;Atropelamento de pessoa;Com Vítimas Feridas;Plena noite;Decrescente;Nublado;Dupla;Reta;Urbano;2;1
536840;2009-06-05;Sexta;18:00:00;SP;116;121.2;CACAPAVA;Outras;Colisão lateral;Com Vítimas Feridas;Anoitecer;Decrescente;Ceu Claro;Dupla;Reta;Rural;2;2
536873;2009-06-06;Sábado;01:00:00;SP;116;200.0;ARUJA;Falta de atenção;Colisão traseira;Sem Vítimas;Plena noite;Crescente;Nublado;Simples;Cruzamento;Urbano;2;2
536938;2009-06-06;Sábado;02:20:00;SP;116;139.8;SAO JOSE DOS CAMPOS;Animais na Pista;Atropelamento de animal;Sem Vítimas;Plena noite;Crescente;Ceu Claro;Dupla;Reta;Rural;1;1
536951;2009-06-05;Sexta;19:20:00;SP;116;227.0;SAO PAULO;Falta de atenção;Colisão lateral;Com Vítimas Feridas;Plena noite;Decrescente;Ceu Claro;Múltipla;Reta;Rural;2;2
536954;2009-06-06;Sábado;06:00:00;SP;116;150.0;SAO JOSE DOS CAMPOS;Ultrapassagem indevida;Capotamento;Sem Vítimas;Amanhecer;Decrescente;Ceu Claro;Dupla;Reta;Urbano;1;1
536956;2009-06-02;Terça;18:30:00;SP;116;125.3;CACAPAVA;Falta de atenção;Colisão traseira;Com Vítimas Feridas;Plena noite;Decrescente;Ceu Claro;Dupla;Reta;Urbano;11;4
536974;2009-06-05;Sexta;18:30:00;SP;116;217.0;GUARULHOS;Falta de atenção;Colisão lateral;Com Vítimas Feridas;Plena noite;Decrescente;Nublado;Múltipla;Reta;Urbano;2;2
537006;2009-06-03;Quarta;20:50:00;SP;116;213.0;GUARULHOS;Outras;Colisão traseira;Com Vítimas Feridas;Plena noite;Decrescente;Ceu Claro;Dupla;Reta;Urbano;3;2
537011;2009-06-05;Sexta;14:15:00;SP;116;210.0;GUARULHOS;Falta de atenção;Colisão lateral;Sem Vítimas;Pleno dia;Decrescente;Sol;Múltipla;Reta;Urbano;2;2
537021;2009-06-05;Sexta;15:40:00;SP;116;214.7;GUARULHOS;Falta de atenção;Colisão traseira;Com Vítimas Feridas;Pleno dia;Decrescente;Sol;Múltipla;Reta;Urbano;3;2
537037;2009-06-02;Terça;22:00:00;SP;116;222.5;GUARULHOS;Falta de atenção;Colisão traseira;Com Vítimas Feridas;Plena noite;Crescente;Ceu Claro;Dupla;Reta;Urbano;2;2
537067;2009-06-03;Quarta;12:20:00;SP;116;219.8;GUARULHOS;Falta de atenção;Colisão traseira;Sem Vítimas;Pleno dia;Decrescente;Nublado;Múltipla;Reta;Urbano;3;3
537080;2009-06-03;Quarta;23:00:00;SP;116;229.5;SAO PAULO;Outras;Colisão traseira;Sem Vítimas;Plena noite;Decrescente;Nublado;Múltipla;Reta;Urbano;2;2
537152;2009-06-06;Sábado;08:45:00;SP;116;156.5;SAO JOSE DOS CAMPOS;Outras;Colisão traseira;Sem Vítimas;Amanhecer;Decrescente;Ceu Claro;Dupla;Reta;Rural;3;3
537238;2009-06-06;Sábado;23:00:00;SP;116;211.0;GUARULHOS;Outras;Colisão traseira;Sem Vítimas;Plena noite;Decrescente;Nublado;Múltipla;Reta;Urbano;2;2
537265;2009-06-06;Sábado;22:10:00;SP;116;126.0;CACAPAVA;Outras;Colisão com bicicleta;Com Vítimas Fatais;Plena noite;Crescente;Nublado;Dupla;Reta;Urbano;2;2
537363;2009-06-05;Sexta;15:00:00;SP;116;199.0;ARUJA;Falta de atenção;Colisão lateral;Sem Vítimas;Pleno dia;Crescente;Sol;Dupla;Reta;Urbano;2;2
537499;2009-06-04;Quinta;19:40:00;SP;116;201.0;ARUJA;Outras;Atropelamento de pessoa;Com Vítimas Feridas;Plena noite;Decrescente;Ceu Claro;Múltipla;Reta;Urbano;2;1
537518;2009-06-04;Quinta;01:00:00;SP;116;109.4;TAUBATE;Dormindo;Capotamento;Sem Vítimas;Plena noite;Crescente;Ceu Claro;Dupla;Reta;Urbano;1;1
537661;2009-06-04;Quinta;07:50:00;SP;116;156.5;SAO JOSE DOS CAMPOS;Outras;Colisão traseira;Sem Vítimas;Pleno dia;Decrescente;Ceu Claro;Dupla;Reta;Urbano;2;2
537715;2009-06-08;Segunda;07:40:00;SP;116;161.3;JACAREI;Outras;Colisão traseira;Sem Vítimas;Pleno dia;Decrescente;Sol;Dupla;Reta;Rural;4;4
537720;2009-06-05;Sexta;10:20:00;SP;116;219.0;GUARULHOS;Desobediência à sinalização;Colisão lateral;Sem Vítimas;Pleno dia;Decrescente;Ceu Claro;Simples;Reta;Urbano;2;2
537725;2009-06-03;Quarta;05:00:00;SP;116;227.0;GUARULHOS;Outras;Colisão traseira;Sem Vítimas;Amanhecer;Crescente;Ceu Claro;Múltipla;Reta;Urbano;2;2
537753;2009-06-05;Sexta;20:30:00;SP;116;196.0;ARUJA;Falta de atenção;Atropelamento de pessoa;Com Vítimas Fatais;Plena noite;Decrescente;Ceu Claro;Dupla;Reta;Urbano;2;1
537765;2009-06-02;Terça;23:00:00;SP;116;206.0;GUARULHOS;Falta de atenção;Atropelamento de pessoa;Com Vítimas Fatais;Plena noite;Decrescente;Ceu Claro;Múltipla;Reta;Urbano;4;3
537822;2009-06-05;Sexta;07:15:00;SP;116;217.0;GUARULHOS;Falta de atenção;Colisão traseira;Sem Vítimas;Pleno dia;Decrescente;Ceu Claro;Múltipla;Reta;Urbano;3;3
537846;2009-06-05;Sexta;18:40:00;SP;116;218.0;GUARULHOS;Falta de atenção;Colisão lateral;Sem Vítimas;Plena noite;Crescente;Ceu Claro;Múltipla;Reta;Urbano;2;2
538042;2009-06-08;Segunda;20:30:00;SP;116;165.0;JACAREI;Outras;Colisão traseira;Sem Vítimas;Plena noite;Decrescente;Ceu Claro;Múltipla;Reta;Urbano;2;2
538057;2009-06-08;Segunda;22:20:00;SP;116;156.3;SAO JOSE DOS CAMPOS;Outras;Colisão lateral;Sem Vítimas;Plena noite;Crescente;Ceu Claro;Dupla;Reta;Urbano;2;2
538077;2009-06-05;Sexta;20:15:00;SP;116;214.0;GUARULHOS;Falta de atenção;Colisão traseira;Sem Vítimas;Plena noite;Decrescente;Ceu Claro;Múltipla;Reta;Urbano;2;2
538084;2009-06-06;Sábado;18:50:00;SP;116;229.0;SAO PAULO;Falta de atenção;Colisão lateral;Sem Vítimas;Anoitecer;Crescente;Ceu Claro;Múltipla;Reta;Urbano;2;2
538097;2009-06-06;Sábado;20:40:00;SP;116;229.0;SAO PAULO;Falta de atenção;Colisão traseira;Sem Vítimas;Plena noite;Decrescente;Ceu Claro;Múltipla;Reta;Urbano;3;3
538191;2009-06-08;Segunda;07:50:00;SP;116;163.3;JACAREI;Outras;Colisão traseira;Sem Vítimas;Amanhecer;Decrescente;Sol;Dupla;Reta;Urbano;2;2
538206;2009-06-08;Segunda;07:30:00;SP;116;158.3;JACAREI;Outras;Colisão traseira;Sem Vítimas;Amanhecer;Decrescente;Sol;Dupla;Reta;Urbano;3;3
538301;2009-04-26;Domingo;18:43:00;SP;116;168.8;JACAREI;Outras;Colisão traseira;Com Vítimas Fatais;Plena noite;Crescente;Nublado;Múltipla;Reta;Urbano;17;4
538314;2009-06-08;Segunda;22:30:00;SP;116;216.9;GUARULHOS;Falta de atenção;Colisão traseira;Sem Vítimas;Plena noite;Decrescente;Ceu Claro;Múltipla;Reta;Urbano;2;2
538340;2009-06-05;Sexta;15:15:00;SP;116;101.5;PINDAMONHANGABA;Outras;Colisão traseira;Sem Vítimas;Pleno dia;Decrescente;Ceu Claro;Múltipla;Reta;Rural;2;2
538362;2009-06-09;Terça;13:15:00;SP;116;131.0;CACAPAVA;Outras;Colisão traseira;Sem Vítimas;Pleno dia;Decrescente;Sol;Dupla;Reta;Rural;3;3
538396;2009-06-09;Terça;11:10:00;SP;116;162.0;JACAREI;Outras;Colisão traseira;Sem Vítimas;Pleno dia;Crescente;Ceu Claro;Dupla;Reta;Urbano;2;2
538463;2009-06-09;Terça;17:40:00;SP;116;211.0;GUARULHOS;Não guardar distância de segurança;Colisão traseira;Sem Vítimas;Pleno dia;Decrescente;Ceu Claro;Múltipla;Reta;Urbano;2;2
538476;2009-06-09;Terça;19:00:00;SP;116;211.0;GUARULHOS;Falta de atenção;Colisão traseira;Sem Vítimas;Plena noite;Decrescente;Ceu Claro;Múltipla;Reta;Urbano;3;3
538488;2009-06-05;Sexta;18:40:00;SP;116;122.4;CACAPAVA;Outras;Colisão traseira;Sem Vítimas;Plena noite;Decrescente;Ceu Claro;Dupla;Reta;Rural;5;5
538522;2009-06-09;Terça;11:00:00;SP;116;215.0;GUARULHOS;Outras;Colisão lateral;Com Vítimas Feridas;Pleno dia;Crescente;Ceu Claro;Múltipla;Reta;Urbano;2;2
538590;2009-06-01;Segunda;18:20:00;SP;116;155.9;SAO JOSE DOS CAMPOS;Velocidade incompatível;Queda de motocicleta / bicicleta / veículo;Sem Vítimas;Anoitecer;Decrescente;Ceu Claro;Simples;Curva;Urbano;1;1
538723;2009-06-09;Terça;08:30:00;SP;116;157.0;SAO JOSE DOS CAMPOS;Outras;Colisão traseira;Sem Vítimas;Pleno dia;Decrescente;Ceu Claro;Dupla;Reta;Urbano;2;2
538774;2009-06-09;Terça;20:00:00;SP;116;227.0;SAO PAULO;Falta de atenção;Queda de motocicleta / bicicleta / veículo;Com Vítimas Feridas;Plena noite;Decrescente;Ceu Claro;Múltipla;Reta;Urbano;1;1
538834;2009-06-07;Domingo;00:53:00;SP;116;131.0;CACAPAVA;Ingestão de álcool;Colisão com objeto fixo;Sem Vítimas;Amanhecer;Decrescente;Nublado;Dupla;Reta;Urbano;2;2
538909;2009-06-10;Quarta;18:35:00;SP;116;114.4;TAUBATE;Outras;Colisão traseira;Sem Vítimas;Plena noite;Decrescente;Chuva;Dupla;Reta;Urbano;2;2
538954;2009-06-10;Quarta;14:20:00;SP;116;214.0;GUARULHOS;Falta de atenção;Colisão traseira;Sem Vítimas;Pleno dia;Decrescente;Chuva;Múltipla;Reta;Urbano;3;3
538965;2009-06-10;Quarta;16:20:00;SP;116;206.0;GUARULHOS;Outras;Colisão com objeto fixo;Sem Vítimas;Pleno dia;Crescente;Chuva;Dupla;Reta;Urbano;2;2
539277;2009-06-07;Domingo;13:55:00;SP;116;202.8;ARUJA;Falta de atenção;Colisão Transversal;Sem Vítimas;Pleno dia;Crescente;Sol;Dupla;Reta;Rural;2;2
539286;2009-06-11;Quinta;19:10:00;SP;116;208.0;GUARULHOS;Falta de atenção;Colisão com objeto fixo;Sem Vítimas;Plena noite;Crescente;Nublado;Múltipla;Reta;Urbano;2;2
539295;2009-06-11;Quinta;15:00:00;SP;116;165.0;JACAREI;Outras;Colisão traseira;Sem Vítimas;Pleno dia;Decrescente;Chuva;Múltipla;Reta;Rural;2;2
539405;2009-06-12;Sexta;09:30:00;SP;116;153.0;SAO JOSE DOS CAMPOS;Outras;Tombamento;Sem Vítimas;Pleno dia;Crescente;Chuva;Dupla;Reta;Urbano;1;1
539455;2009-06-09;Terça;07:30:00;SP;116;100.2;PINDAMONHANGABA;Falta de atenção;Colisão traseira;Com Vítimas Feridas;Amanhecer;Decrescente;Ceu Claro;Dupla;Reta;Rural;2;2
539459;2009-06-09;Terça;06:15:00;SP;116;219.0;GUARULHOS;Outras;Colisão traseira;Sem Vítimas;Amanhecer;Decrescente;Ceu Claro;Múltipla;Reta;Urbano;2;2
539468;2009-06-09;Terça;06:10:00;SP;116;159.0;JACAREI;Outras;Colisão traseira;Sem Vítimas;Pleno dia;Decrescente;Ceu Claro;Dupla;Reta;Urbano;2;2
539538;2009-06-08;Segunda;10:00:00;SP;116;154.0;SAO JOSE DOS CAMPOS;Outras;Colisão lateral;Sem Vítimas;Pleno dia;Decrescente;Ceu Claro;Dupla;Reta;Urbano;2;2
539552;2009-06-07;Domingo;01:40:00;SP;116;228.6;SAO PAULO;Outras;Colisão com objeto fixo;Sem Vítimas;Plena noite;Crescente;Ceu Claro;Múltipla;Reta;Urbano;2;2
539661;2009-06-12;Sexta;17:00:00;SP;116;165.0;JACAREI;Outras;Colisão com objeto móvel;Sem Vítimas;Pleno dia;Crescente;Nublado;Múltipla;Reta;Rural;1;1
539669;2009-06-12;Sexta;18:40:00;SP;116;103.8;TAUBATE;Outras;Colisão com objeto fixo;Sem Vítimas;Plena noite;Crescente;Nublado;Dupla;Reta;Rural;1;1
539685;2009-06-12;Sexta;17:30:00;SP;116;211.0;GUARULHOS;Outras;Colisão lateral;Sem Vítimas;Pleno dia;Decrescente;Nublado;Múltipla;Reta;Urbano;2;2
539704;2009-06-07;Domingo;11:40:00;SP;116;203.0;ARUJA;Falta de atenção;Colisão traseira;Sem Vítimas;Pleno dia;Crescente;Ceu Claro;Múltipla;Reta;Urbano;3;3
539736;2009-06-10;Quarta;17:50:00;SP;116;114.5;TAUBATE;Outras;Colisão traseira;Sem Vítimas;Plena noite;Decrescente;Chuva;Dupla;Reta;Rural;2;2
539758;2009-06-11;Quinta;04:45:00;SP;116;122.0;CACAPAVA;Outras;Tombamento;Sem Vítimas;Plena noite;Crescente;Nublado;Dupla;Reta;Rural;2;2
539784;2009-06-09;Terça;01:00:00;SP;116;227.0;GUARULHOS;Outras;Tombamento;Ignorado;Plena noite;Crescente;Nublado;Múltipla;Curva;Urbano;1;1