id;data_inversa;dia_semana;horario;uf;br;km;municipio;causa_acidente;tipo_acidente;classificacao_acidente;fase_dia;sentido_via;condicao_metereologica;tipo_pista;tracado_via;uso_solo;pessoas;veiculos
539970;2009-06-10;Quarta;06:30:00;SP;116;222.0;GUARULHOS;Falta de atenção;Colisão lateral;Com Vítimas Feridas;Pleno dia;Crescente;Ceu Claro;Múltipla;Reta;Urbano;2;2
540064;2009-06-10;Quarta;18:00:00;SP;116;150.1;SAO JOSE DOS CAMPOS;Falta de atenção;Colisão traseira;Sem Vítimas;Anoitecer;Crescente;Chuva;Dupla;Reta;Rural;3;3
540085;2009-06-10;Quarta;18:20:00;SP;116;146.8;SAO JOSE DOS CAMPOS;Falta de atenção;Colisão traseira;Com Vítimas Feridas;Anoitecer;Decrescente;Chuva;Dupla;Reta;Rural;2;2
540177;2009-06-13;Sábado;15:10:00;SP;116;225.0;GUARULHOS;Outras;Colisão traseira;Sem Vítimas;Pleno dia;Decrescente;Sol;Múltipla;Reta;Rural;3;3
540226;2009-06-10;Quarta;01:10:00;SP;116;227.0;SAO PAULO;Falta de atenção;Colisão traseira;Sem Vítimas;Plena noite;Decrescente;Ceu Claro;Múltipla;Reta;Urbano;2;2
540232;2009-06-13;Sábado;19:45:00;SP;116;212.0;GUARULHOS;Falta de atenção;Colisão lateral;Com Vítimas Feridas;Plena noite;Decrescente;Ceu Claro;Múltipla;Reta;Urbano;2;2
540235;2009-06-10;Quarta;06:45:00;SP;116;203.0;ARUJA;Falta de atenção;Queda de motocicleta / bicicleta / veículo;Com Vítimas Feridas;Amanhecer;Crescente;Ceu Claro;Dupla;Reta;Urbano;1;1
540250;2009-06-13;Sábado;17:15:00;SP;116;222.0;GUARULHOS;Falta de atenção;Colisão lateral;Sem Vítimas;Anoitecer;Decrescente;Ceu Claro;Múltipla;Reta;Urbano;2;2
540287;2009-06-10;Quarta;06:00:00;SP;116;224.9;GUARULHOS;Outras;Colisão traseira;Com Vítimas Feridas;Amanhecer;Crescente;Nublado;Múltipla;Reta;Urbano;4;3
540298;2009-06-09;Terça;13:50:00;SP;116;217.0;GUARULHOS;Outras;Colisão lateral;Com Vítimas Feridas;Pleno dia;Crescente;Nublado;Múltipla;Reta;Urbano;2;2
540388;2009-06-11;Quinta;16:15:00;SP;116;218.0;GUARULHOS;Outras;Colisão traseira;Sem Vítimas;Pleno dia;Crescente;Ceu Claro;Múltipla;Reta;Urbano;7;7
540413;2009-06-07;Domingo;20:10:00;SP;116;227.8;SAO PAULO;Outras;Atropelamento de pessoa;Com Vítimas Feridas;Plena noite;Crescente;Ceu Claro;Múltipla;Reta;Urbano;2;1
540415;2009-06-13;Sábado;16:10:00;SP;116;107.0;TAUBATE;Falta de atenção;Colisão com objeto fixo;Sem Vítimas;Pleno dia;Crescente;Sol;Dupla;Reta;Rural;1;1
540443;2009-06-13;Sábado;10:50:00;SP;116;171.4;JACAREI;Falta de atenção;Colisão lateral;Sem Vítimas;Pleno dia;Decrescente;Ceu Claro;Dupla;Reta;Urbano;2;2
540503;2009-06-10;Quarta;05:20:00;SP;116;150.0;SAO JOSE DOS CAMPOS;Falta de atenção;Colisão lateral;Com Vítimas Feridas;Amanhecer;Crescente;Ceu Claro;Dupla;Reta;Urbano;2;2
540530;2009-05-26;Terça;09:45:00;SP;116;215.0;GUARULHOS;Falta de atenção;Colisão traseira;Com Vítimas Feridas;Pleno dia;Crescente;Ceu Claro;Múltipla;Reta;Urbano;2;2
540542;2009-05-31;Domingo;23:17:00;SP;116;109.4;TAUBATE;Falta de atenção;Colisão lateral;Sem Vítimas;Plena noite;Crescente;Nublado;Dupla;Reta;Urbano;2;2
540624;2009-06-08;Segunda;01:15:00;SP;116;225.0;GUARULHOS;Falta de atenção;Colisão traseira;Sem Vítimas;Plena noite;Decrescente;Nublado;Simples;Reta;Urbano;2;2
540626;2009-06-10;Quarta;20:15:00;SP;116;229.0;SAO PAULO;Outras;Colisão lateral;Sem Vítimas;Plena noite;Crescente;Ceu Claro;Múltipla;Reta;Urbano;2;2
540650;2009-06-11;Quinta;16:00:00;SP;116;210.0;GUARULHOS;Falta de atenção;Colisão lateral;Sem Vítimas;Pleno dia;Crescente;Nublado;Múltipla;Reta;Urbano;2;2
540684;2009-06-14;Domingo;16:00:00;SP;116;110.5;TAUBATE;Outras;Colisão com objeto fixo;Sem Vítimas;Pleno dia;Crescente;Sol;Dupla;Reta;Urbano;1;1
540736;2009-06-10;Quarta;18:15:00;SP;116;114.2;TAUBATE;Outras;Colisão traseira;Sem Vítimas;Anoitecer;Decrescente;Nublado;Dupla;Reta;Urbano;2;2
541046;2009-06-10;Quarta;20:10:00;SP;116;165.0;JACAREI;Falta de atenção;Colisão traseira;Sem Vítimas;Plena noite;Decrescente;Nublado;Múltipla;Reta;Rural;2;2
541070;2009-06-10;Quarta;17:30:00;SP;116;188.0;SANTA ISABEL;Outras;Colisão traseira;Sem Vítimas;Anoitecer;Decrescente;Chuva;Dupla;Reta;Rural;2;2
541081;2009-06-15;Segunda;15:30:00;SP;116;146.7;SAO JOSE DOS CAMPOS;Outras;Colisão lateral;Sem Vítimas;Pleno dia;Crescente;Ceu Claro;Dupla;Reta;Urbano;3;3
541127;2009-06-15;Segunda;16:40:00;SP;116;211.0;GUARULHOS;Outras;Colisão lateral;Sem Vítimas;Pleno dia;Decrescente;Ceu Claro;Múltipla;Reta;Urbano;2;2
541177;2009-06-15;Segunda;17:50:00;SP;116;209.8;GUARULHOS;Outras;Colisão lateral;Sem Vítimas;Anoitecer;Decrescente;Ceu Claro;Múltipla;Reta;Urbano;2;2
541178;2009-06-15;Segunda;18:50:00;SP;116;155.0;SAO JOSE DOS CAMPOS;Falta de atenção;Colisão traseira;Sem Vítimas;Plena noite;Crescente;Ceu Claro;Dupla;Reta;Urbano;3;3
541187;2009-06-15;Segunda;11:35:00;SP;116;202.6;ARUJA;Outras;Colisão com objeto fixo;Sem Vítimas;Pleno dia;Crescente;Ceu Claro;Dupla;Reta;Rural;1;1
541222;2009-06-13;Sábado;19:20:00;SP;116;205.0;ARUJA;Outras;Colisão com objeto fixo;Sem Vítimas;Plena noite;Decrescente;Nublado;Dupla;Reta;Urbano;2;2
541250;2009-06-15;Segunda;20:15:00;SP;116;129.0;CACAPAVA;Desobediência à sinalização;Colisão com objeto móvel;Sem Vítimas;Plena noite;Crescente;Ceu Claro;Dupla;Reta;Urbano;1;1
541507;2009-06-16;Terça;09:30:00;SP;116;220.0;GUARULHOS;Outras;Colisão traseira;Sem Vítimas;Pleno dia;Decrescente;Nublado;Múltipla;Reta;Urbano;3;3
541587;2009-06-10;Quarta;15:10:00;SP;116;188.0;SANTA ISABEL;Dormindo;Colisão traseira;Sem Vítimas;Pleno dia;Crescente;Ceu Claro;Dupla;Reta;Urbano;2;2
541627;2009-06-16;Terça;15:05:00;SP;116;162.0;JACAREI;Outras;Colisão traseira;Com Vítimas Feridas;Pleno dia;Decrescente;Ceu Claro;Dupla;Reta;Urbano;4;4
541644;2009-06-15;Segunda;06:55:00;SP;116;151.2;SAO JOSE DOS CAMPOS;Falta de atenção;Colisão lateral;Com Vítimas Feridas;Pleno dia;Decrescente;Nublado;Múltipla;Reta;Urbano;2;2
541675;2009-06-10;Quarta;21:00:00;SP;116;186.0;SANTA ISABEL;Falta de atenção;Saída de Pista;Sem Vítimas;Plena noite;Decrescente;Chuva;Dupla;Reta;Urbano;1;1
541689;2009-06-15;Segunda;06:30:00;SP;116;146.4;SAO JOSE DOS CAMPOS;Falta de atenção;Colisão traseira;Sem Vítimas;Amanhecer;Decrescente;Ceu Claro;Dupla;Reta;Urbano;2;2
541730;2009-06-14;Domingo;18:20:00;SP;116;209.8;GUARULHOS;Falta de atenção;Colisão traseira;Sem Vítimas;Anoitecer;Crescente;Nublado;Múltipla;Reta;Urbano;3;3
541794;2009-06-16;Terça;19:45:00;SP;116;216.0;GUARULHOS;Outras;Saída de Pista;Com Vítimas Feridas;Plena noite;Decrescente;Nublado;Múltipla;Reta;Urbano;1;1
541873;2009-06-17;Quarta;05:45:00;SP;116;107.5;TAUBATE;Outras;Colisão traseira;Com Vítimas Feridas;Pleno dia;Crescente;Ceu Claro;Dupla;Reta;Urbano;2;2
541939;2009-06-14;Domingo;23:20:00;SP;116;187.0;SANTA ISABEL;Ingestão de álcool;Colisão lateral;Sem Vítimas;Plena noite;Decrescente;Chuva;Dupla;Reta;Urbano;2;2
541962;2009-06-17;Quarta;05:40:00;SP;116;158.0;SAO JOSE DOS CAMPOS;Outras;Colisão lateral;Sem Vítimas;Plena noite;Crescente;Ceu Claro;Dupla;Reta;Urbano;2;2
541963;2009-06-17;Quarta;09:30:00;SP;116;133.8;CACAPAVA;Defeito mecânico em veículo;Queda de motocicleta / bicicleta / veículo;Com Vítimas Feridas;Pleno dia;Crescente;Ceu Claro;Dupla;Reta;Urbano;1;1
542019;2009-05-25;Segunda;17:40:00;SP;116;118.0;TAUBATE;Outras;Colisão lateral;Sem Vítimas;Anoitecer;Decrescente;Ignorada;Dupla;Reta;Urbano;2;2
542030;2009-06-17;Quarta;08:15:00;SP;116;157.0;SAO JOSE DOS CAMPOS;Não guardar distância de segurança;Colisão traseira;Sem Vítimas;Pleno dia;Decrescente;Sol;Dupla;Reta;Urbano;3;3
542053;2009-06-15;Segunda;13:00:00;SP;116;186.0;SANTA ISABEL;Outras;Colisão com objeto fixo;Sem Vítimas;Pleno dia;Decrescente;Sol;Dupla;Curva;Urbano;1;1
542100;2009-06-09;Terça;18:10:00;SP;116;148.1;SAO JOSE DOS CAMPOS;Outras;Colisão traseira;Sem Vítimas;Anoitecer;Decrescente;Ceu Claro;Dupla;Reta;Urbano;5;5
542102;2009-06-15;Segunda;06:00:00;SP;116;146.3;SAO JOSE DOS CAMPOS;Falta de atenção;Colisão traseira;Sem Vítimas;Amanhecer;Decrescente;Ceu Claro;Dupla;Reta;Rural;6;6
542159;2009-06-15;Segunda;00:10:00;SP;116;111.5;TAUBATE;Outras;Capotamento;Sem Vítimas;Plena noite;Crescente;Ceu Claro;Dupla;Reta;Urbano;3;3
542166;2009-06-05;Sexta;19:40:00;SP;116;156.1;SAO JOSE DOS CAMPOS;Não guardar distância de segurança;Colisão traseira;Sem Vítimas;Plena noite;Decrescente;Ceu Claro;Dupla;Reta;Urbano;3;3
542179;2009-06-17;Quarta;17:35:00;SP;116;155.5;SAO JOSE DOS CAMPOS;Desobediência à sinalização;Atropelamento de pessoa;Com Vítimas Feridas;Anoitecer;Decrescente;Ceu Claro;Dupla;Reta;Urbano;3;1
542200;2009-06-12;Sexta;21:50:00;SP;116;218.0;GUARULHOS;Outras;Capotamento;Sem Vítimas;Plena noite;Decrescente;Nublado;Múltipla;Reta;Urbano;1;1
542206;2009-06-06;Sábado;08:46:00;SP;116;156.7;SAO JOSE DOS CAMPOS;Outras;Colisão traseira;Sem Vítimas;Pleno dia;Decrescente;Sol;Dupla;Reta;Urbano;2;2
542243;2009-06-05;Sexta;23:30:00;SP;116;146.0;SAO JOSE DOS CAMPOS;Falta de atenção;Colisão lateral;Sem Vítimas;Plena noite;Decrescente;Ceu Claro;Simples;Reta;Urbano;2;2
542325;2009-06-17;Quarta;20:30:00;SP;116;132.0;CACAPAVA;Ingestão de álcool;Colisão lateral;Sem Vítimas;Plena noite;Decrescente;Ceu Claro;Dupla;Reta;Urbano;2;2
542334;2009-06-17;Quarta;22:50:00;SP;116;219.0;GUARULHOS;Outras;Atropelamento de pessoa;Com Vítimas Feridas;Plena noite;Decrescente;Ceu Claro;Múltipla;Reta;Urbano;2;1
542374;2009-06-15;Segunda;23:20:00;SP;116;212.0;GUARULHOS;Outras;Colisão com objeto fixo;Com Vítimas Fatais;Plena noite;Decrescente;Nublado;Múltipla;Reta;Urbano;1;1
542574;2009-06-18;Quinta;12:05:00;SP;116;106.0;TAUBATE;Outras;Colisão lateral;Sem Vítimas;Pleno dia;Crescente;Ceu Claro;Dupla;Reta;Urbano;2;2
542585;2009-06-18;Quinta;08:30:00;SP;116;162.0;JACAREI;Não guardar distância de segurança;Colisão traseira;Sem Vítimas;Pleno dia;Crescente;Ceu Claro;Dupla;Reta;Urbano;2;2
542640;2009-06-16;Terça;00:20:00;SP;116;215.0;GUARULHOS;Falta de atenção;Colisão traseira;Sem Vítimas;Plena noite;Decrescente;Nublado;Múltipla;Reta;Urbano;2;2
542734;2009-06-19;Sexta;01:16:00;SP;116;115.0;TAUBATE;Outras;Colisão lateral;Sem Vítimas;Plena noite;Decrescente;Ceu Claro;Dupla;Reta;Urbano;2;2
542767;2009-06-16;Terça;05:40:00;SP;116;128.9;CACAPAVA;Outras;Colisão traseira;Sem Vítimas;Plena noite;Decrescente;Ceu Claro;Dupla;Reta;Rural;2;2
542778;2009-06-15;Segunda;22:40:00;SP;116;131.0;CACAPAVA;Outras;Capotamento;Sem Vítimas;Plena noite;Crescente;Ceu Claro;Dupla;Reta;Urbano;1;1
542887;2009-06-16;Terça;05:40:00;SP;116;128.9;CACAPAVA;Falta de atenção;Colisão traseira;Com Vítimas Fatais;Plena noite;Decrescente;Ceu Claro;Dupla;Reta;Urbano;3;3
542957;2009-06-10;Quarta;18:50:00;SP;116;148.0;SAO JOSE DOS CAMPOS;Falta de atenção;Colisão traseira;Sem Vítimas;Plena noite;Decrescente;Nublado;Múltipla;Reta;Urbano;4;4
542984;2009-06-19;Sexta;06:40:00;SP;116;219.5;GUARULHOS;Falta de atenção;Colisão traseira;Sem Vítimas;Amanhecer;Crescente;Nublado;Múltipla;Reta;Urbano;3;3
543000;2009-06-06;Sábado;09:50:00;SP;116;157.5;SAO JOSE DOS CAMPOS;Outras;Colisão traseira;Sem Vítimas;Plena noite;Decrescente;Ceu Claro;Dupla;Reta;Urbano;2;2
543016;2009-06-06;Sábado;18:50:00;SP;116;145.5;SAO JOSE DOS CAMPOS;Falta de atenção;Colisão traseira;Com Vítimas Feridas;Plena noite;Decrescente;Ceu Claro;Múltipla;Reta;Urbano;2;2
543099;2009-06-19;Sexta;18:10:00;SP;116;165.0;JACAREI;Outras;Colisão com objeto fixo;Sem Vítimas;Plena noite;Crescente;Ceu Claro;Dupla;Reta;Urbano;1;1
543114;2009-06-19;Sexta;20:30:00;SP;116;167.9;JACAREI;Outras;Atropelamento de pessoa;Com Vítimas Feridas;Plena noite;Decrescente;Ceu Claro;Dupla;Reta;Urbano;3;1
543149;2009-06-19;Sexta;10:30:00;SP;116;217.0;GUARULHOS;Outras;Colisão com objeto fixo;Sem Vítimas;Pleno dia;Crescente;Ceu Claro;Múltipla;Reta;Urbano;1;1
543252;2009-06-19;Sexta;20:10:00;SP;116;222.0;GUARULHOS;Falta de atenção;Colisão traseira;Sem Vítimas;Plena noite;Decrescente;Nublado;Múltipla;Reta;Urbano;2;2
543317;2009-06-20;Sábado;09:30:00;SP;116;143.0;SAO JOSE DOS CAMPOS;Falta de atenção;Atropelamento de pessoa;Com Vítimas Feridas;Pleno dia;Decrescente;Ceu Claro;Dupla;Reta;Urbano;2;1
543403;2009-06-20;Sábado;09:00:00;SP;116;219.0;GUARULHOS;Outras;Colisão traseira;Sem Vítimas;Pleno dia;Crescente;Sol;Múltipla;Curva;Urbano;3;3
543501;2009-06-20;Sábado;19:40:00;SP;116;165.3;JACAREI;Outras;Colisão com objeto fixo;Sem Vítimas;Plena noite;Crescente;Ceu Claro;Múltipla;Reta;Urbano;1;1
543620;2009-06-21;Domingo;07:20:00;SP;116;201.0;ARUJA;Falta de atenção;Colisão com objeto fixo;Sem Vítimas;Pleno dia;Crescente;Ceu Claro;Dupla;Reta;Urbano;1;1
543628;2009-06-21;Domingo;05:50:00;SP;116;183.0;SANTA ISABEL;Não guardar distância de segurança;Colisão traseira;Sem Vítimas;Plena noite;Decrescente;Nublado;Dupla;Reta;Rural;2;2
543649;2009-06-21;Domingo;10:50:00;SP;116;165.0;JACAREI;Outras;Colisão traseira;Sem Vítimas;Pleno dia;Crescente;Ceu Claro;Dupla;Reta;Urbano;2;2
543663;2009-06-18;Quinta;17:45:00;SP;116;223.0;GUARULHOS;Outras;Colisão Transversal;Sem Vítimas;Anoitecer;Crescente;Ceu Claro;Múltipla;Reta;Urbano;2;2
543750;2009-06-18;Quinta;11:15:00;SP;116;212.0;GUARULHOS;Outras;Atropelamento de pessoa;Sem Vítimas;Pleno dia;Decrescente;Ceu Claro;Múltipla;Reta;Urbano;2;1
543779;2009-06-21;Domingo;18:10:00;SP;116;145.9;SAO JOSE DOS CAMPOS;Defeito mecânico em veículo;Queda de motocicleta / bicicleta / veículo;Com Vítimas Feridas;Plena noite;Crescente;Ceu Claro;Dupla;Reta;Urbano;2;1
543784;2009-06-21;Domingo;18:00:00;SP;116;222.0;GUARULHOS;Falta de atenção;Atropelamento de pessoa;Com Vítimas Feridas;Anoitecer;Crescente;Ceu Claro;Múltipla;Reta;Urbano;2;1
543793;2009-06-21;Domingo;17:30:00;SP;116;161.3;JACAREI;Animais na Pista;Atropelamento de animal;Sem Vítimas;Pleno dia;Crescente;Ceu Claro;Dupla;Reta;Urbano;2;2
543832;2009-06-15;Segunda;13:00:00;SP;116;223.0;GUARULHOS;Outras;Colisão com objeto fixo;Sem Vítimas;Pleno dia;Crescente;Ceu Claro;Múltipla;Reta;Urbano;2;2
543836;2009-06-21;Domingo;21:20:00;SP;116;218.0;GUARULHOS;Outras;Saída de Pista;Com Vítimas Feridas;Plena noite;Crescente;Ceu Claro;Múltipla;Reta;Rural;4;1
543860;2009-06-19;Sexta;19:30:00;SP;116;218.0;GUARULHOS;Falta de atenção;Colisão traseira;Sem Vítimas;Plena noite;Decrescente;Ceu Claro;Múltipla;Reta;Urbano;3;3
543868;2009-06-15;Segunda;08:15:00;SP;116;218.0;GUARULHOS;Outras;Colisão com objeto fixo;Com Vítimas Feridas;Pleno dia;Crescente;Ceu Claro;Múltipla;Reta;Urbano;2;2
544000;2009-06-09;Terça;08:55:00;SP;116;158.2;JACAREI;Outras;Colisão traseira;Sem Vítimas;Pleno dia;Decrescente;Ceu Claro;Dupla;Reta;Urbano;4;4
544060;2009-06-19;Sexta;18:10:00;SP;116;226.0;GUARULHOS;Outras;Queda de motocicleta / bicicleta / veículo;Com Vítimas Feridas;Anoitecer;Crescente;Nublado;Dupla;Reta;Urbano;1;1
544072;2009-06-21;Domingo;09:28:00;SP;116;222.0;GUARULHOS;Outras;Capotamento;Com Vítimas Feridas;Pleno dia;Decrescente;Ceu Claro;Múltipla;Reta;Urbano;1;1
544086;2009-06-18;Quinta;18:30:00;SP;116;139.7;SAO JOSE DOS CAMPOS;Outras;Colisão traseira;Com Vítimas Feridas;Plena noite;Crescente;Ceu Claro;Dupla;Reta;Urbano;8;6
544093;2009-06-10;Quarta;01:25:00;SP;116;155.1;SAO JOSE DOS CAMPOS;Falta de atenção;Colisão traseira;Sem Vítimas;Plena noite;Decrescente;Nublado;Dupla;Reta;Urbano;2;2
544107;2009-06-19;Sexta;15:10:00;SP;116;218.0;GUARULHOS;Outras;Colisão traseira;Sem Vítimas;Pleno dia;Crescente;Sol;Múltipla;Curva;Urbano;2;2
544118;2009-06-10;Quarta;03:20:00;SP;116;148.1;SAO JOSE DOS CAMPOS;Dormindo;Colisão com objeto fixo;Sem Vítimas;Plena noite;Decrescente;Ceu Claro;Dupla;Reta;Urbano;1;1
544159;2009-06-19;Sexta;09:45:00;SP;116;179.0;GUARAREMA;Falta de atenção;Colisão com objeto fixo;Sem Vítimas;Pleno dia;Decrescente;Nublado;Simples;Reta;Rural;1;1
544178;2009-06-20;Sábado;06:15:00;SP;116;165.0;JACAREI;Não guardar distância de segurança;Colisão traseira;Sem Vítimas;Amanhecer;Crescente;Nublado;Múltipla;Reta;Urbano;2;2
544390;2009-06-20;Sábado;11:55:00;SP;116;210.0;GUARULHOS;Outras;Colisão traseira;Sem Vítimas;Pleno dia;Decrescente;Sol;Múltipla;Reta;Urbano;2;2
544548;2009-06-22;Segunda;08:15:00;SP;116;158.0;SAO JOSE DOS CAMPOS;Falta de atenção;Colisão traseira;Sem Vítimas;Pleno dia;Decrescente;Ceu Claro;Dupla;Reta;Urbano;2;2
544558;2009-06-18;Quinta;18:00:00;SP;116;175.0;JACAREI;Outras;Incêndio;Sem Vítimas;Anoitecer;Decrescente;Nublado;Dupla;Reta;Rural;1;1
544564;2009-06-09;Terça;13:38:00;SP;116;165.1;JACAREI;Outras;Colisão com objeto fixo;Sem Vítimas;Pleno dia;Decrescente;Sol;Múltipla;Reta;Rural;1;1
544609;2009-06-22;Segunda;08:20:00;SP;116;157.0;SAO JOSE DOS CAMPOS;Não guardar distância de segurança;Colisão traseira;Sem Vítimas;Pleno dia;Decrescente;Ceu Claro;Dupla;Reta;Urbano;3;3
544783;2009-06-23;Terça;18:00:00;SP;116;223.0;GUARULHOS;Falta de atenção;Colisão lateral;Com Vítimas Feridas;Anoitecer;Crescente;Ceu Claro;Dupla;Reta;Urbano;2;2
544798;2009-06-23;Terça;23:00:00;SP;116;147.3;SAO JOSE DOS CAMPOS;Desobediência à sinalização;Colisão traseira;Sem Vítimas;Plena noite;Crescente;Ceu Claro;Múltipla;Reta;Urbano;2;2
544860;2009-06-24;Quarta;05:54:00;SP;116;118.0;TAUBATE;Velocidade incompatível;Atropelamento de pessoa;Com Vítimas Fatais;Amanhecer;Decrescente;Ceu Claro;Dupla;Reta;Rural;2;1
544867;2009-06-20;Sábado;19:30:00;SP;116;227.8;SAO PAULO;Outras;Colisão traseira;Sem Vítimas;Plena noite;Crescente;Ceu Claro;Múltipla;Reta;Urbano;2;2
544916;2009-06-23;Terça;00:30:00;SP;116;178.0;GUARAREMA;Outras;Colisão com objeto fixo;Sem Vítimas;Plena noite;Decrescente;Ceu Claro;Dupla;Reta;Urbano;1;1
544922;2009-06-23;Terça;07:30:00;SP;116;173.8;GUARAREMA;Outras;Colisão com objeto fixo;Sem Vítimas;Pleno dia;Crescente;Ceu Claro;Dupla;Reta;Urbano;1;1
544932;2009-06-24;Quarta;08:00:00;SP;116;195.0;ARUJA;Falta de atenção;Colisão traseira;Sem Vítimas;Pleno dia;Crescente;Sol;Múltipla;Reta;Urbano;2;2
544937;2009-06-20;Sábado;21:22:00;SP;116;133.0;CACAPAVA;Outras;Colisão com bicicleta;Com Vítimas Feridas;Plena noite;Decrescente;Ceu Claro;Dupla;Reta;Rural;2;2
545023;2009-06-23;Terça;19:00:00;SP;116;222.0;GUARULHOS;Falta de atenção;Colisão lateral;Com Vítimas Feridas;Anoitecer;Decrescente;Nublado;Múltipla;Reta;Urbano;2;2
545151;2009-06-20;Sábado;20:00:00;SP;116;119.5;CACAPAVA;Outras;Colisão com objeto móvel;Sem Vítimas;Plena noite;Crescente;Ceu Claro;Dupla;Reta;Urbano;1;1
545201;2009-06-25;Quinta;00:20:00;SP;116;116.8;TAUBATE;Ingestão de álcool;Capotamento;Sem Vítimas;Plena noite;Crescente;Ceu Claro;Dupla;Reta;Urbano;1;1
545306;2009-06-18;Quinta;07:50:00;SP;116;162.0;JACAREI;Outras;Colisão traseira;Com Vítimas Feridas;Pleno dia;Decrescente;Nevoeiro/neblina;Dupla;Reta;Urbano;4;4
545307;2009-06-18;Quinta;20:05:00;SP;116;229.0;SAO PAULO;Falta de atenção;Colisão lateral;Sem Vítimas;Plena noite;Crescente;Nublado;Múltipla;Reta;Urbano;3;3
545315;2009-06-23;Terça;08:20:00;SP;116;145.8;SAO JOSE DOS CAMPOS;Não guardar distância de segurança;Colisão traseira;Sem Vítimas;Pleno dia;Crescente;Ceu Claro;Dupla;Reta;Urbano;2;2
545324;2009-06-20;Sábado;12:40:00;SP;116;217.0;GUARULHOS;Outras;Colisão traseira;Sem Vítimas;Pleno dia;Decrescente;Ceu Claro;Múltipla;Reta;Urbano;2;2
545327;2009-06-23;Terça;11:34:00;SP;116;168.0;JACAREI;Defeito mecânico em veículo;Colisão com objeto fixo;Sem Vítimas;Pleno dia;Decrescente;Sol;Dupla;Reta;Rural;1;1
545328;2009-06-22;Segunda;14:30:00;SP;116;218.0;GUARULHOS;Outras;Colisão lateral;Sem Vítimas;Pleno dia;Decrescente;Ceu Claro;Múltipla;Reta;Urbano;2;2
545388;2009-06-22;Segunda;01:50:00;SP;116;106.5;TAUBATE;Outras;Colisão com objeto fixo;Sem Vítimas;Plena noite;Crescente;Ceu Claro;Dupla;Reta;Rural;2;2
545454;2009-06-22;Segunda;19:20:00;SP;116;147.0;SAO JOSE DOS CAMPOS;Falta de atenção;Colisão traseira;Sem Vítimas;Amanhecer;Decrescente;Ceu Claro;Dupla;Reta;Rural;3;3
545471;2009-06-25;Quinta;11:20:00;SP;116;173.0;JACAREI;Outras;Capotamento;Sem Vítimas;Pleno dia;Crescente;Chuva;Dupla;Reta;Rural;1;1
545478;2009-06-25;Quinta;17:10:00;SP;116;125.6;CACAPAVA;Outras;Colisão traseira;Sem Vítimas;Anoitecer;Crescente;Nublado;Dupla;Reta;Urbano;2;2
545489;2009-06-25;Quinta;14:40:00;SP;116;165.0;JACAREI;Defeito na via;Colisão traseira;Sem Vítimas;Pleno dia;Crescente;Chuva;Dupla;Reta;Urbano;2;2
545507;2009-06-17;Quarta;21:50:00;SP;116;145.6;SAO JOSE DOS CAMPOS;Defeito mecânico em veículo;Colisão traseira;Sem Vítimas;Plena noite;Decrescente;Ceu Claro;Dupla;Reta;Urbano;4;4
545522;2009-06-25;Quinta;19:10:00;SP;116;210.0;GUARULHOS;Falta de atenção;Colisão traseira;Sem Vítimas;Plena noite;Decrescente;Nublado;Múltipla;Reta;Urbano;2;2
545584;2009-06-25;Quinta;19:10:00;SP;116;225.0;GUARULHOS;Falta de atenção;Colisão lateral;Sem Vítimas;Plena noite;Decrescente;Chuva;Múltipla;Reta;Urbano;2;2
545609;2009-06-22;Segunda;17:30:00;SP;116;218.0;GUARULHOS;Outras;Colisão lateral;Com Vítimas Feridas;Pleno dia;Crescente;Nublado;Múltipla;Reta;Urbano;2;2
545646;2009-06-25;Quinta;22:30:00;SP;116;122.8;CACAPAVA;Outras;Colisão traseira;Sem Vítimas;Plena noite;Crescente;Nublado;Dupla;Reta;Urbano;2;2
545776;2009-06-24;Quarta;07:55:00;SP;116;153.8;SAO JOSE DOS CAMPOS;Outras;Colisão Transversal;Sem Vítimas;Pleno dia;Crescente;Sol;Dupla;Reta;Urbano;2;2
545833;2009-06-23;Terça;09:10:00;SP;116;218.0;GUARULHOS;Outras;Colisão traseira;Com Vítimas Feridas;Pleno dia;Crescente;Ceu Claro;Múltipla;Reta;Urbano;3;3
545840;2009-06-25;Quinta;06:40:00;SP;116;209.0;GUARULHOS;Falta de atenção;Colisão lateral;Sem Vítimas;Pleno dia;Crescente;Chuva;Múltipla;Reta;Urbano;3;3
545895;2009-06-24;Quarta;18:30:00;SP;116;148.0;SAO JOSE DOS CAMPOS;Outras;Colisão lateral;Sem Vítimas;Plena noite;Decrescente;Ceu Claro;Dupla;Reta;Urbano;2;2
545935;2009-06-24;Quarta;18:31:00;SP;116;148.1;SAO JOSE DOS CAMPOS;Outras;Colisão traseira;Sem Vítimas;Plena noite;Decrescente;Ceu Claro;Dupla;Reta;Urbano;2;2
545946;2009-06-24;Quarta;22:30:00;SP;116;168.0;JACAREI;Outras;Colisão traseira;Sem Vítimas;Plena noite;Decrescente;Ceu Claro;Dupla;Reta;Urbano;2;2
545960;2009-06-25;Quinta;00:30:00;SP;116;147.5;SAO JOSE DOS CAMPOS;Ingestão de álcool;Colisão com objeto fixo;Sem Vítimas;Plena noite;Decrescente;Ceu Claro;Dupla;Reta;Urbano;1;1
545981;2009-06-26;Sexta;10:00:00;SP;116;116.5;TAUBATE;Outras;Colisão traseira;Sem Vítimas;Pleno dia;Crescente;Sol;Dupla;Reta;Urbano;2;2
545998;2009-06-22;Segunda;13:05:00;SP;116;225.8;GUARULHOS;Falta de atenção;Colisão traseira;Sem Vítimas;Pleno dia;Crescente;Ceu Claro;Múltipla;Reta;Urbano;2;2