id;data_inversa;dia_semana;horario;uf;br;km;municipio;causa_acidente;tipo_acidente;classificacao_acidente;fase_dia;sentido_via;condicao_metereologica;tipo_pista;tracado_via;uso_solo;pessoas;veiculos
552894;2009-07-11;Sábado;19:57:00;SP;116;186.0;SANTA ISABEL;Outras;Colisão com objeto fixo;Sem Vítimas;Plena noite;Crescente;Chuva;Dupla;Reta;Rural;1;1
553095;2009-07-08;Quarta;18:30:00;SP;116;159.0;JACAREI;Falta de atenção;Colisão traseira;Sem Vítimas;Plena noite;Decrescente;Ceu Claro;Dupla;Reta;Rural;4;4
553104;2009-07-08;Quarta;19:01:00;SP;116;229.0;SAO PAULO;Defeito mecânico em veículo;Colisão lateral;Com Vítimas Feridas;Anoitecer;Decrescente;Ceu Claro;Múltipla;Reta;Urbano;3;2
553160;2009-07-08;Quarta;13:02:00;SP;116;116.0;TAUBATE;Outras;Saída de Pista;Com Vítimas Feridas;Pleno dia;Crescente;Ceu Claro;Dupla;Reta;Urbano;2;1
553182;2009-07-10;Sexta;07:30:00;SP;116;217.0;GUARULHOS;Outras;Colisão traseira;Sem Vítimas;Pleno dia;Crescente;Nublado;Múltipla;Reta;Urbano;2;2
553186;2009-07-08;Quarta;22:20:00;SP;116;119.8;CACAPAVA;Outras;Queda de motocicleta / bicicleta / veículo;Sem Vítimas;Plena noite;Crescente;Ceu Claro;Dupla;Reta;Rural;3;3
553204;2009-07-10;Sexta;16:00:00;SP;116;223.0;GUARULHOS;Não guardar distância de segurança;Colisão traseira;Com Vítimas Fatais;Pleno dia;Decrescente;Chuva;Múltipla;Reta;Urbano;6;5
553259;2009-07-09;Quinta;06:20:00;SP;116;109.5;TAUBATE;Outras;Colisão com objeto fixo;Sem Vítimas;Amanhecer;Crescente;Ceu Claro;Dupla;Reta;Urbano;1;1
553261;2009-07-11;Sábado;05:30:00;SP;116;224.0;GUARULHOS;Falta de atenção;Colisão traseira;Com Vítimas Feridas;Plena noite;Decrescente;Chuva;Múltipla;Reta;Urbano;7;5
553448;2009-07-09;Quinta;09:15:00;SP;116;109.0;TAUBATE;Outras;Colisão traseira;Sem Vítimas;Pleno dia;Decrescente;Sol;Dupla;Reta;Urbano;3;3
553550;2009-07-12;Domingo;17:30:00;SP;116;107.2;TAUBATE;Outras;Colisão com objeto fixo;Sem Vítimas;Anoitecer;Decrescente;Ceu Claro;Múltipla;Reta;Urbano;1;1
553637;2009-07-09;Quinta;06:00:00;SP;116;207.1;GUARULHOS;Desobediência à sinalização;Capotamento;Com Vítimas Feridas;Amanhecer;Crescente;Ceu Claro;Dupla;Reta;Urbano;3;1
553689;2009-07-12;Domingo;18:00:00;SP;116;130.3;CACAPAVA;Outras;Colisão lateral;Sem Vítimas;Anoitecer;Crescente;Ceu Claro;Dupla;Reta;Urbano;2;2
553778;2009-07-13;Segunda;15:40:00;SP;116;211.0;GUARULHOS;Falta de atenção;Colisão lateral;Sem Vítimas;Pleno dia;Decrescente;Sol;Múltipla;Reta;Rural;2;2
553802;2009-07-13;Segunda;18:15:00;SP;116;223.3;GUARULHOS;Outras;Atropelamento de pessoa;Com Vítimas Feridas;Anoitecer;Decrescente;Nublado;Múltipla;Reta;Urbano;2;1
553808;2009-07-13;Segunda;12:50:00;SP;116;229.0;SAO PAULO;Não guardar distância de segurança;Colisão traseira;Sem Vítimas;Pleno dia;Crescente;Ceu Claro;Múltipla;Reta;Urbano;2;2
553812;2009-07-14;Terça;00:10:00;SP;116;223.0;GUARULHOS;Outras;Colisão traseira;Sem Vítimas;Plena noite;Decrescente;Ceu Claro;Dupla;Reta;Urbano;2;2
553829;2009-07-13;Segunda;17:15:00;SP;116;125.0;CACAPAVA;Falta de atenção;Colisão traseira;Sem Vítimas;Pleno dia;Decrescente;Sol;Dupla;Reta;Urbano;2;2
553845;2009-07-10;Sexta;15:30:00;SP;116;222.0;GUARULHOS;Não guardar distância de segurança;Colisão traseira;Sem Vítimas;Pleno dia;Decrescente;Chuva;Múltipla;Reta;Urbano;3;3
553963;2009-07-12;Domingo;19:30:00;SP;116;155.5;SAO JOSE DOS CAMPOS;Não guardar distância de segurança;Colisão traseira;Sem Vítimas;Anoitecer;Crescente;Nublado;Dupla;Reta;Rural;2;2
553965;2009-07-12;Domingo;17:15:00;SP;116;111.0;TAUBATE;Falta de atenção;Colisão traseira;Sem Vítimas;Pleno dia;Crescente;Ceu Claro;Dupla;Reta;Urbano;3;3
553991;2009-04-06;Segunda;00:30:00;SP;116;154.0;SAO JOSE DOS CAMPOS;Outras;Colisão traseira;Com Vítimas Feridas;Plena noite;Decrescente;Chuva;Dupla;Reta;Urbano;4;2
554014;2009-07-08;Quarta;19:00:00;SP;116;219.0;GUARULHOS;Outras;Colisão lateral;Sem Vítimas;Plena noite;Crescente;Nublado;Múltipla;Reta;Urbano;3;3
554019;2009-07-11;Sábado;08:50:00;SP;116;213.0;GUARULHOS;Falta de atenção;Colisão lateral;Sem Vítimas;Pleno dia;Crescente;Chuva;Múltipla;Reta;Rural;2;2
554109;2009-07-14;Terça;17:50:00;SP;116;142.0;SAO JOSE DOS CAMPOS;Falta de atenção;Colisão traseira;Sem Vítimas;Plena noite;Crescente;Ceu Claro;Dupla;Reta;Urbano;2;2
554182;2009-07-11;Sábado;19:30:00;SP;116;204.0;ARUJA;Falta de atenção;Colisão traseira;Sem Vítimas;Plena noite;Decrescente;Chuva;Múltipla;Reta;Rural;2;2
554224;2009-07-14;Terça;21:50:00;SP;116;130.0;CACAPAVA;Outras;Colisão com objeto fixo;Sem Vítimas;Plena noite;Crescente;Ceu Claro;Dupla;Reta;Urbano;1;1
554296;2009-07-14;Terça;22:45:00;SP;116;224.0;GUARULHOS;Outras;Colisão traseira;Sem Vítimas;Plena noite;Crescente;Nublado;Múltipla;Reta;Urbano;2;2
554306;2009-07-14;Terça;06:45:00;SP;116;229.0;SAO PAULO;Outras;Colisão traseira;Sem Vítimas;Amanhecer;Crescente;Ceu Claro;Múltipla;Reta;Urbano;2;2
554338;2009-07-14;Terça;17:15:00;SP;116;227.4;SAO PAULO;Outras;Colisão lateral;Sem Vítimas;Pleno dia;Decrescente;Nublado;Múltipla;Reta;Urbano;2;2
554363;2009-07-09;Quinta;08:15:00;SP;116;131.0;CACAPAVA;Não guardar distância de segurança;Colisão traseira;Sem Vítimas;Pleno dia;Decrescente;Ceu Claro;Simples;Reta;Rural;2;2
554387;2009-07-09;Quinta;12:10:00;SP;116;114.5;TAUBATE;Outras;Colisão traseira;Sem Vítimas;Pleno dia;Decrescente;Ceu Claro;Simples;Reta;Urbano;3;3
554407;2009-07-12;Domingo;16:45:00;SP;116;112.3;TAUBATE;Falta de atenção;Colisão traseira;Sem Vítimas;Pleno dia;Crescente;Ceu Claro;Dupla;Reta;Urbano;5;5
554453;2009-07-12;Domingo;17:10:00;SP;116;103.0;TAUBATE;Não guardar distância de segurança;Colisão traseira;Sem Vítimas;Pleno dia;Crescente;Nublado;Múltipla;Reta;Rural;3;3
554487;2009-07-15;Quarta;09:00:00;SP;116;131.1;CACAPAVA;Outras;Tombamento;Com Vítimas Feridas;Pleno dia;Crescente;Ceu Claro;Dupla;Reta;Urbano;1;1
554519;2009-07-10;Sexta;16:30:00;SP;116;197.0;ARUJA;Outras;Saída de Pista;Com Vítimas Fatais;Pleno dia;Decrescente;Chuva;Múltipla;Reta;Rural;4;1
554599;2009-07-14;Terça;22:40:00;SP;116;176.0;GUARAREMA;Falta de atenção;Colisão traseira;Sem Vítimas;Plena noite;Decrescente;Ceu Claro;Dupla;Reta;Urbano;2;2
554651;2009-07-15;Quarta;01:00:00;SP;116;204.0;ARUJA;Outras;Colisão com objeto fixo;Sem Vítimas;Plena noite;Decrescente;Nublado;Dupla;Reta;Rural;1;1
554791;2009-06-12;Sexta;05:50:00;SP;116;222.0;GUARULHOS;Falta de atenção;Colisão traseira;Sem Vítimas;Plena noite;Crescente;Nublado;Múltipla;Reta;Urbano;5;5
554846;2009-07-12;Domingo;18:30:00;SP;116;112.0;TAUBATE;Não guardar distância de segurança;Colisão traseira;Com Vítimas Feridas;Anoitecer;Crescente;Nublado;Dupla;Reta;Urbano;4;3
554992;2009-07-15;Quarta;21:15:00;SP;116;186.0;SANTA ISABEL;Outras;Colisão traseira;Sem Vítimas;Plena noite;Decrescente;Ignorada;Dupla;Reta;Rural;2;2
555002;2009-07-15;Quarta;21:00:00;SP;116;187.0;SANTA ISABEL;Outras;Colisão com objeto fixo;Sem Vítimas;Plena noite;Decrescente;Ceu Claro;Dupla;Reta;Rural;1;1
555063;2009-07-16;Quinta;14:40:00;SP;116;174.0;GUARAREMA;Outras;Colisão frontal;Sem Vítimas;Pleno dia;Decrescente;Ceu Claro;Dupla;Reta;Urbano;2;2
555141;2009-07-15;Quarta;16:55:00;SP;116;224.5;GUARULHOS;Falta de atenção;Colisão lateral;Sem Vítimas;Pleno dia;Crescente;Ceu Claro;Múltipla;Reta;Rural;2;2
555231;2009-07-13;Segunda;06:30:00;SP;116;224.0;GUARULHOS;Falta de atenção;Colisão traseira;Sem Vítimas;Amanhecer;Crescente;Ceu Claro;Dupla;Reta;Urbano;2;2
555293;2009-07-10;Sexta;17:00:00;SP;116;198.0;ARUJA;Outras;Saída de Pista;Com Vítimas Feridas;Anoitecer;Decrescente;Chuva;Dupla;Curva;Rural;1;1
555294;2009-07-13;Segunda;21:30:00;SP;116;137.0;SAO JOSE DOS CAMPOS;Outras;Colisão com objeto fixo;Com Vítimas Fatais;Plena noite;Decrescente;Ceu Claro;Simples;Reta;Rural;1;1
555336;2009-07-15;Quarta;14:40:00;SP;116;160.9;JACAREI;Falta de atenção;Colisão traseira;Sem Vítimas;Pleno dia;Crescente;Sol;Dupla;Reta;Urbano;2;2
555366;2009-07-17;Sexta;10:30:00;SP;116;130.8;CACAPAVA;Outras;Colisão traseira;Sem Vítimas;Pleno dia;Crescente;Ceu Claro;Dupla;Reta;Urbano;2;2
555367;2009-07-15;Quarta;22:20:00;SP;116;157.0;SAO JOSE DOS CAMPOS;Outras;Colisão traseira;Sem Vítimas;Plena noite;Decrescente;Nublado;Dupla;Reta;Urbano;2;2
555388;2009-07-17;Sexta;08:20:00;SP;116;140.0;SAO JOSE DOS CAMPOS;Outras;Colisão traseira;Sem Vítimas;Pleno dia;Decrescente;Ceu Claro;Dupla;Reta;Urbano;3;3
555404;2009-07-15;Quarta;18:40:00;SP;116;146.0;SAO JOSE DOS CAMPOS;Outras;Colisão com objeto fixo;Sem Vítimas;Plena noite;Decrescente;Nublado;Dupla;Reta;Urbano;2;2
555411;2009-07-17;Sexta;14:00:00;SP;116;219.0;GUARULHOS;Outras;Colisão lateral;Sem Vítimas;Pleno dia;Decrescente;Ceu Claro;Múltipla;Reta;Urbano;2;2
555420;2009-07-15;Quarta;17:00:00;SP;116;218.0;GUARULHOS;Outras;Queda de motocicleta / bicicleta / veículo;Com Vítimas Feridas;Pleno dia;Decrescente;Nublado;Múltipla;Reta;Urbano;2;2
555422;2009-07-15;Quarta;22:21:00;SP;116;157.0;SAO JOSE DOS CAMPOS;Outras;Colisão traseira;Sem Vítimas;Plena noite;Decrescente;Nublado;Dupla;Reta;Urbano;2;2
555458;2009-07-17;Sexta;05:50:00;SP;116;217.0;GUARULHOS;Falta de atenção;Colisão traseira;Sem Vítimas;Amanhecer;Crescente;Nublado;Múltipla;Reta;Urbano;4;4
555475;2009-07-15;Quarta;17:20:00;SP;116;215.0;GUARULHOS;Outras;Colisão lateral;Com Vítimas Feridas;Pleno dia;Crescente;Ceu Claro;Múltipla;Reta;Rural;3;2
555496;2009-07-16;Quinta;06:40:00;SP;116;211.0;GUARULHOS;Não guardar distância de segurança;Colisão traseira;Sem Vítimas;Pleno dia;Crescente;Nublado;Múltipla;Reta;Rural;4;4
555554;2009-07-12;Domingo;12:00:00;SP;116;210.4;GUARULHOS;Falta de atenção;Colisão traseira;Sem Vítimas;Pleno dia;Crescente;Ceu Claro;Múltipla;Reta;Urbano;2;2
555693;2009-07-18;Sábado;03:40:00;SP;116;132.0;CACAPAVA;Outras;Atropelamento de pessoa;Com Vítimas Feridas;Plena noite;Crescente;Ceu Claro;Dupla;Reta;Urbano;2;1
555718;2009-07-15;Quarta;06:10:00;SP;116;138.0;SAO JOSE DOS CAMPOS;Outras;Saída de Pista;Com Vítimas Fatais;Plena noite;Decrescente;Ceu Claro;Dupla;Reta;Rural;3;1
555765;2009-07-14;Terça;21:50:00;SP;116;107.7;TAUBATE;Outras;Colisão com objeto fixo;Sem Vítimas;Plena noite;Decrescente;Ceu Claro;Dupla;Reta;Urbano;1;1
555774;2009-07-14;Terça;21:36:00;SP;116;107.7;TAUBATE;Outras;Colisão com objeto fixo;Com Vítimas Feridas;Plena noite;Decrescente;Ceu Claro;Dupla;Reta;Urbano;1;1
555951;2009-07-18;Sábado;18:30:00;SP;116;229.0;SAO PAULO;Não guardar distância de segurança;Colisão traseira;Sem Vítimas;Anoitecer;Crescente;Nublado;Múltipla;Reta;Urbano;3;3
556150;2009-07-19;Domingo;09:25:00;SP;116;127.8;CACAPAVA;Defeito mecânico em veículo;Colisão traseira;Sem Vítimas;Pleno dia;Decrescente;Nublado;Dupla;Reta;Urbano;2;2
556183;2009-07-19;Domingo;09:05:00;SP;116;102.1;PINDAMONHANGABA;Outras;Colisão traseira;Sem Vítimas;Pleno dia;Decrescente;Nublado;Dupla;Reta;Rural;2;2
556212;2009-07-15;Quarta;12:45:00;SP;116;211.0;GUARULHOS;Não guardar distância de segurança;Colisão traseira;Sem Vítimas;Plena noite;Decrescente;Ceu Claro;Dupla;Reta;Urbano;2;2
556223;2009-07-12;Domingo;07:30:00;SP;116;150.0;SAO JOSE DOS CAMPOS;Outras;Colisão lateral;Com Vítimas Feridas;Pleno dia;Decrescente;Nublado;Dupla;Reta;Urbano;4;3
556250;2009-07-12;Domingo;22:35:00;SP;116;199.5;ARUJA;Animais na Pista;Capotamento;Com Vítimas Fatais;Plena noite;Crescente;Ceu Claro;Dupla;Reta;Urbano;1;1
556260;2009-07-18;Sábado;11:10:00;SP;116;227.0;SAO PAULO;Falta de atenção;Colisão traseira;Sem Vítimas;Pleno dia;Decrescente;Nublado;Múltipla;Reta;Urbano;2;2
556265;2009-07-13;Segunda;05:45:00;SP;116;214.6;GUARULHOS;Falta de atenção;Colisão traseira;Com Vítimas Feridas;Amanhecer;Crescente;Nevoeiro/neblina;Múltipla;Reta;Urbano;2;2
556271;2009-07-19;Domingo;05:55:00;SP;116;211.0;GUARULHOS;Outras;Colisão lateral;Sem Vítimas;Plena noite;Decrescente;Nublado;Múltipla;Reta;Urbano;2;2
556378;2009-07-19;Domingo;17:15:00;SP;116;116.1;TAUBATE;Outras;Colisão lateral;Sem Vítimas;Pleno dia;Crescente;Nublado;Dupla;Reta;Urbano;2;2
556395;2009-07-19;Domingo;18:30:00;SP;116;113.0;TAUBATE;Não guardar distância de segurança;Colisão traseira;Sem Vítimas;Plena noite;Crescente;Nublado;Dupla;Reta;Urbano;5;5
556498;2009-07-16;Quinta;20:30:00;SP;116;121.0;CACAPAVA;Outras;Colisão traseira;Sem Vítimas;Plena noite;Crescente;Ceu Claro;Dupla;Reta;Urbano;2;2
556562;2009-07-19;Domingo;04:10:00;SP;116;125.7;CACAPAVA;Outras;Atropelamento de pessoa;Com Vítimas Fatais;Plena noite;Decrescente;Nublado;Dupla;Reta;Urbano;2;1
556565;2009-07-16;Quinta;20:00:00;SP;116;117.2;TAUBATE;Outras;Colisão traseira;Sem Vítimas;Plena noite;Decrescente;Ceu Claro;Dupla;Reta;Rural;3;3
556593;2009-07-16;Quinta;16:30:00;SP;116;227.0;SAO PAULO;Não guardar distância de segurança;Colisão traseira;Sem Vítimas;Pleno dia;Decrescente;Ceu Claro;Dupla;Reta;Urbano;3;3
556663;2009-07-13;Segunda;18:20:00;SP;116;224.0;GUARULHOS;Não guardar distância de segurança;Colisão traseira;Sem Vítimas;Plena noite;Decrescente;Ceu Claro;Múltipla;Reta;Urbano;2;2
556676;2009-07-17;Sexta;06:30:00;SP;116;229.0;SAO PAULO;Outras;Atropelamento de pessoa;Com Vítimas Feridas;Pleno dia;Decrescente;Ceu Claro;Múltipla;Reta;Urbano;3;2
556764;2009-07-18;Sábado;11:40:00;SP;116;165.0;JACAREI;Falta de atenção;Colisão lateral;Sem Vítimas;Pleno dia;Crescente;Ceu Claro;Múltipla;Reta;Rural;2;2
556780;2009-07-20;Segunda;17:20:00;SP;116;157.0;SAO JOSE DOS CAMPOS;Desobediência à sinalização;Colisão traseira;Com Vítimas Feridas;Anoitecer;Decrescente;Nublado;Dupla;Reta;Urbano;3;3
556811;2009-07-20;Segunda;08:00:00;SP;116;219.0;GUARULHOS;Outras;Colisão lateral;Com Vítimas Feridas;Pleno dia;Decrescente;Nublado;Múltipla;Reta;Urbano;2;2
556878;2009-07-20;Segunda;21:35:00;SP;116;224.5;GUARULHOS;Outras;Colisão lateral;Sem Vítimas;Plena noite;Crescente;Ceu Claro;Múltipla;Reta;Urbano;2;2
556927;2009-07-20;Segunda;15:20:00;SP;116;99.0;PINDAMONHANGABA;Outras;Tombamento;Sem Vítimas;Pleno dia;Decrescente;Ceu Claro;Dupla;Curva;Rural;1;1
556988;2009-07-20;Segunda;06:20:00;SP;116;201.0;ARUJA;Não guardar distância de segurança;Colisão traseira;Sem Vítimas;Amanhecer;Decrescente;Chuva;Dupla;Reta;Urbano;3;3
557012;2009-07-19;Domingo;06:30:00;SP;116;107.0;TAUBATE;Outras;Colisão com objeto fixo;Sem Vítimas;Amanhecer;Decrescente;Chuva;Dupla;Reta;Urbano;1;1
557028;2009-07-21;Terça;08:20:00;SP;116;198.0;ARUJA;Outras;Colisão traseira;Com Vítimas Fatais;Plena noite;Crescente;Nublado;Dupla;Reta;Urbano;2;2
557066;2009-07-15;Quarta;12:50:00;SP;116;145.0;SAO JOSE DOS CAMPOS;Falta de atenção;Colisão lateral;Sem Vítimas;Pleno dia;Decrescente;Nublado;Dupla;Reta;Urbano;2;2
557093;2009-07-15;Quarta;18:20:00;SP;116;148.1;SAO JOSE DOS CAMPOS;Não guardar distância de segurança;Colisão traseira;Com Vítimas Feridas;Plena noite;Decrescente;Ceu Claro;Dupla;Reta;Urbano;5;4
557112;2009-07-19;Domingo;00:20:00;SP;116;216.9;GUARULHOS;Outras;Queda de motocicleta / bicicleta / veículo;Com Vítimas Feridas;Plena noite;Crescente;Nublado;Múltipla;Reta;Urbano;4;4
557120;2009-07-18;Sábado;08:05:00;SP;116;153.8;SAO JOSE DOS CAMPOS;Falta de atenção;Colisão traseira;Sem Vítimas;Pleno dia;Crescente;Sol;Dupla;Reta;Urbano;2;2
557135;2009-07-18;Sábado;04:00:00;SP;116;132.0;CACAPAVA;Outras;Colisão traseira;Sem Vítimas;Plena noite;Decrescente;Ceu Claro;Dupla;Reta;Urbano;2;2
557161;2009-07-21;Terça;15:20:00;SP;116;149.0;SAO JOSE DOS CAMPOS;Outras;Colisão com objeto fixo;Sem Vítimas;Pleno dia;Decrescente;Sol;Dupla;Reta;Urbano;1;1
557166;2009-07-21;Terça;07:50:00;SP;116;107.5;TAUBATE;Outras;Colisão lateral;Sem Vítimas;Pleno dia;Decrescente;Ceu Claro;Dupla;Reta;Urbano;2;2
557213;2009-07-21;Terça;18:50:00;SP;116;211.0;GUARULHOS;Falta de atenção;Colisão lateral;Sem Vítimas;Pleno dia;Decrescente;Ceu Claro;Múltipla;Reta;Urbano;2;2
557227;2009-07-16;Quinta;07:45:00;SP;116;156.6;SAO JOSE DOS CAMPOS;Não guardar distância de segurança;Colisão traseira;Sem Vítimas;Pleno dia;Decrescente;Nublado;Dupla;Reta;Urbano;4;4
557255;2009-07-19;Domingo;08:30:00;SP;116;165.9;JACAREI;Falta de atenção;Colisão lateral;Sem Vítimas;Pleno dia;Decrescente;Nublado;Dupla;Reta;Rural;2;2
557260;2009-07-18;Sábado;22:20:00;SP;116;225.5;GUARULHOS;Não guardar distância de segurança;Colisão traseira;Sem Vítimas;Plena noite;Crescente;Chuva;Múltipla;Reta;Urbano;4;4
557268;2009-07-21;Terça;19:00:00;SP;116;212.0;GUARULHOS;Falta de atenção;Colisão traseira;Sem Vítimas;Plena noite;Decrescente;Nublado;Múltipla;Reta;Urbano;2;2
557319;2009-07-09;Quinta;20:00:00;SP;116;229.0;SAO PAULO;Outras;Colisão com objeto fixo;Sem Vítimas;Plena noite;Crescente;Ceu Claro;Múltipla;Reta;Urbano;1;1
557375;2009-07-21;Terça;21:45:00;SP;116;111.1;TAUBATE;Outras;Colisão com objeto fixo;Sem Vítimas;Plena noite;Decrescente;Ceu Claro;Dupla;Reta;Urbano;1;1
557455;2009-07-19;Domingo;01:00:00;SP;116;144.2;SAO JOSE DOS CAMPOS;Outras;Colisão frontal;Sem Vítimas;Plena noite;Crescente;Chuva;Dupla;Reta;Urbano;2;2
557473;2009-07-20;Segunda;08:00:00;SP;116;145.5;SAO JOSE DOS CAMPOS;Não guardar distância de segurança;Colisão traseira;Sem Vítimas;Pleno dia;Decrescente;Nublado;Dupla;Reta;Urbano;4;4
557638;2009-07-22;Quarta;14:37:00;SP;116;130.6;CACAPAVA;Outras;Colisão traseira;Sem Vítimas;Pleno dia;Crescente;Sol;Dupla;Reta;Urbano;4;4
557669;2009-07-20;Segunda;06:45:00;SP;116;201.0;ARUJA;Outras;Colisão com objeto fixo;Com Vítimas Feridas;Amanhecer;Decrescente;Nevoeiro/neblina;Múltipla;Curva;Rural;2;2
557689;2009-07-19;Domingo;18:00:00;SP;116;165.0;JACAREI;Outras;Colisão traseira;Sem Vítimas;Anoitecer;Crescente;Ceu Claro;Múltipla;Reta;Rural;2;2
557752;2009-07-22;Quarta;09:00:00;SP;116;165.0;JACAREI;Não guardar distância de segurança;Colisão traseira;Sem Vítimas;Pleno dia;Crescente;Ceu Claro;Múltipla;Reta;Rural;2;2
557755;2009-07-23;Quinta;01:35:00;SP;116;116.3;TAUBATE;Animais na Pista;Atropelamento de animal;Sem Vítimas;Plena noite;Crescente;Nublado;Dupla;Reta;Rural;1;1
557773;2009-07-18;Sábado;17:15:00;SP;116;145.6;SAO JOSE DOS CAMPOS;Outras;Colisão traseira;Sem Vítimas;Pleno dia;Decrescente;Ceu Claro;Simples;Reta;Urbano;4;3
557794;2009-07-22;Quarta;19:00:00;SP;116;219.0;GUARULHOS;Não guardar distância de segurança;Colisão traseira;Sem Vítimas;Plena noite;Decrescente;Ceu Claro;Múltipla;Reta;Urbano;3;3
557851;2009-07-22;Quarta;17:47:00;SP;116;225.0;GUARULHOS;Não guardar distância de segurança;Colisão traseira;Com Vítimas Feridas;Anoitecer;Decrescente;Nublado;Múltipla;Reta;Urbano;3;2
557895;2009-07-22;Quarta;20:45:00;SP;116;225.8;GUARULHOS;Falta de atenção;Colisão traseira;Sem Vítimas;Plena noite;Decrescente;Nublado;Múltipla;Reta;Urbano;4;4
557909;2009-07-19;Domingo;17:30:00;SP;116;107.0;TAUBATE;Outras;Colisão traseira;Sem Vítimas;Pleno dia;Crescente;Ceu Claro;Dupla;Reta;Urbano;2;2
558000;2009-06-15;Segunda;06:40:00;SP;116;146.7;SAO JOSE DOS CAMPOS;Falta de atenção;Colisão lateral;Sem Vítimas;Amanhecer;Decrescente;Ceu Claro;Dupla;Reta;Urbano;2;2
558051;2009-07-22;Quarta;11:50:00;SP;116;107.0;TAUBATE;Outras;Colisão traseira;Sem Vítimas;Pleno dia;Decrescente;Ceu Claro;Simples;Curva;Urbano;2;2
558115;2009-07-16;Quinta;19:00:00;SP;116;220.0;GUARULHOS;Não guardar distância de segurança;Colisão lateral;Com Vítimas Feridas;Plena noite;Decrescente;Nublado;Múltipla;Reta;Urbano;2;2
558141;2009-07-22;Quarta;22:20:00;SP;116;211.0;GUARULHOS;Outras;Colisão traseira;Sem Vítimas;Plena noite;Decrescente;Ceu Claro;Múltipla;Reta;Urbano;2;2
558159;2009-07-20;Segunda;18:50:00;SP;116;218.3;GUARULHOS;Outras;Colisão traseira;Sem Vítimas;Anoitecer;Crescente;Nublado;Múltipla;Reta;Urbano;2;2
558204;2009-07-23;Quinta;17:30:00;SP;116;187.0;SANTA ISABEL;Outras;Colisão com objeto fixo;Sem Vítimas;Pleno dia;Decrescente;Chuva;Dupla;Curva;Rural;1;1
558244;2009-07-23;Quinta;19:50:00;SP;116;184.0;SANTA ISABEL;Outras;Tombamento;Sem Vítimas;Plena noite;Crescente;Chuva;Dupla;Curva;Rural;1;1
558274;2009-07-24;Sexta;03:50:00;SP;116;126.7;CACAPAVA;Não guardar distância de segurança;Colisão traseira;Sem Vítimas;Plena noite;Crescente;Nublado;Dupla;Reta;Urbano;2;2
558327;2009-06-10;Quarta;20:30:00;SP;116;226.5;GUARULHOS;Outras;Colisão traseira;Sem Vítimas;Plena noite;Decrescente;Chuva;Múltipla;Reta;Urbano;2;2
558342;2009-07-21;Terça;06:40:00;SP;116;101.8;PINDAMONHANGABA;Defeito mecânico em veículo;Saída de Pista;Sem Vítimas;Amanhecer;Crescente;Ceu Claro;Dupla;Reta;Rural;1;1
558355;2009-07-23;Quinta;10:45:00;SP;116;101.0;PINDAMONHANGABA;Outras;Colisão traseira;Sem Vítimas;Pleno dia;Crescente;Ceu Claro;Dupla;Reta;Urbano;2;2
558361;2009-07-12;Domingo;20:10:00;SP;116;147.5;SAO JOSE DOS CAMPOS;Outras;Colisão traseira;Sem Vítimas;Plena noite;Decrescente;Ceu Claro;Múltipla;Reta;Urbano;2;2
558364;2009-07-16;Quinta;14:30:00;SP;116;219.3;GUARULHOS;Falta de atenção;Queda de motocicleta / bicicleta / veículo;Com Vítimas Feridas;Pleno dia;Crescente;Ceu Claro;Múltipla;Reta;Urbano;2;1
558376;2009-07-17;Sexta;00:05:00;SP;116;168.0;JACAREI;Outras;Colisão lateral;Sem Vítimas;Plena noite;Decrescente;Ceu Claro;Dupla;Reta;Urbano;2;2
558454;2009-07-20;Segunda;20:20:00;SP;116;161.8;JACAREI;Outras;Atropelamento de pessoa;Com Vítimas Fatais;Plena noite;Crescente;Ceu Claro;Dupla;Reta;Urbano;2;1
558460;2009-07-24;Sexta;07:20:00;SP;116;219.0;GUARULHOS;Falta de atenção;Colisão lateral;Com Vítimas Feridas;Amanhecer;Crescente;Chuva;Múltipla;Reta;Urbano;2;2
558590;2009-07-21;Terça;11:15:00;SP;116;204.0;ARUJA;Outras;Colisão lateral;Sem Vítimas;Pleno dia;Decrescente;Sol;Dupla;Reta;Urbano;3;3
558622;2009-07-22;Quarta;04:45:00;SP;116;212.5;GUARULHOS;Falta de atenção;Colisão traseira;Sem Vítimas;Plena noite;Decrescente;Nublado;Múltipla;Reta;Urbano;2;2
558627;2009-07-24;Sexta;19:00:00;SP;116;142.0;SAO JOSE DOS CAMPOS;Outras;Colisão lateral;Sem Vítimas;Plena noite;Crescente;Ceu Claro;Dupla;Reta;Urbano;2;2
558641;2009-07-24;Sexta;19:44:00;SP;116;113.0;TAUBATE;Outras;Colisão traseira;Sem Vítimas;Plena noite;Crescente;Chuva;Dupla;Reta;Urbano;2;2
558679;2009-07-24;Sexta;19:00:00;SP;116;218.0;GUARULHOS;Outras;Colisão traseira;Sem Vítimas;Plena noite;Crescente;Chuva;Múltipla;Reta;Urbano;3;3
558844;2009-07-23;Quinta;23:15:00;SP;116;148.0;SAO JOSE DOS CAMPOS;Ingestão de álcool;Colisão lateral;Sem Vítimas;Plena noite;Crescente;Nublado;Dupla;Reta;Urbano;2;2
558851;2009-07-21;Terça;22:30:00;SP;116;220.0;GUARULHOS;Falta de atenção;Colisão traseira;Com Vítimas Feridas;Plena noite;Decrescente;Nublado;Múltipla;Reta;Urbano;7;5