id;data_inversa;dia_semana;horario;uf;br;km;municipio;causa_acidente;tipo_acidente;classificacao_acidente;fase_dia;sentido_via;condicao_metereologica;tipo_pista;tracado_via;uso_solo;pessoas;veiculos
572758;2009-08-24;Segunda;14:10:00;SP;116;165.0;JACAREI;Outras;Colisão com objeto fixo;Sem Vítimas;Pleno dia;Crescente;Nublado;Múltipla;Reta;Rural;1;1
572765;2009-08-24;Segunda;17:50:00;SP;116;211.0;GUARULHOS;Falta de atenção;Colisão traseira;Sem Vítimas;Anoitecer;Decrescente;Chuva;Múltipla;Reta;Urbano;2;2
572784;2009-08-20;Quinta;13:00:00;SP;116;225.0;GUARULHOS;Outras;Colisão traseira;Sem Vítimas;Pleno dia;Crescente;Nublado;Múltipla;Reta;Urbano;2;2
572796;2009-08-24;Segunda;21:20:00;SP;116;212.0;GUARULHOS;Velocidade incompatível;Colisão traseira;Com Vítimas Feridas;Plena noite;Crescente;Chuva;Múltipla;Cruzamento;Urbano;4;3
572799;2009-08-21;Sexta;18:45:00;SP;116;148.0;SAO JOSE DOS CAMPOS;Falta de atenção;Colisão lateral;Com Vítimas Feridas;Anoitecer;Decrescente;Ceu Claro;Múltipla;Curva;Urbano;2;2
572843;2009-08-25;Terça;19:00:00;SP;116;165.5;JACAREI;Defeito na via;Colisão traseira;Sem Vítimas;Anoitecer;Crescente;Nublado;Múltipla;Reta;Rural;2;2
572859;2009-08-21;Sexta;17:40:00;SP;116;144.3;SAO JOSE DOS CAMPOS;Outras;Colisão traseira;Com Vítimas Feridas;Pleno dia;Crescente;Nublado;Dupla;Reta;Urbano;2;2
572874;2009-08-23;Domingo;19:30:00;SP;116;204.0;ARUJA;Falta de atenção;Colisão traseira;Sem Vítimas;Plena noite;Crescente;Ceu Claro;Múltipla;Reta;Urbano;2;2
572882;2009-08-25;Terça;16:30:00;SP;116;165.0;JACAREI;Falta de atenção;Colisão com objeto fixo;Sem Vítimas;Pleno dia;Decrescente;Nublado;Múltipla;Reta;Urbano;1;1
572936;2009-08-26;Quarta;05:00:00;SP;116;185.0;SANTA ISABEL;Dormindo;Colisão com objeto fixo;Sem Vítimas;Plena noite;Decrescente;Nublado;Dupla;Reta;Rural;1;1
573014;2009-08-18;Terça;22:24:00;SP;116;160.7;JACAREI;Outras;Colisão com objeto fixo;Com Vítimas Feridas;Plena noite;Decrescente;Chuva;Dupla;Reta;Urbano;1;1
573016;2009-08-24;Segunda;04:30:00;SP;116;163.0;JACAREI;Outras;Colisão com objeto fixo;Sem Vítimas;Plena noite;Crescente;Nublado;Dupla;Reta;Rural;1;1
573022;2009-08-24;Segunda;08:30:00;SP;116;228.0;SAO PAULO;Não guardar distância de segurança;Colisão traseira;Sem Vítimas;Pleno dia;Crescente;Nublado;Múltipla;Reta;Urbano;2;2
573034;2009-08-23;Domingo;05:00:00;SP;116;160.0;JACAREI;Outras;Queda de motocicleta / bicicleta / veículo;Com Vítimas Feridas;Plena noite;Crescente;Ceu Claro;Dupla;Reta;Urbano;1;1
573049;2009-08-24;Segunda;23:15:00;SP;116;216.0;GUARULHOS;Outras;Colisão com objeto fixo;Sem Vítimas;Plena noite;Crescente;Nublado;Múltipla;Reta;Urbano;5;5
573130;2009-08-24;Segunda;09:10:00;SP;116;173.0;GUARAREMA;Falta de atenção;Colisão lateral;Com Vítimas Feridas;Pleno dia;Decrescente;Nublado;Simples;Reta;Rural;2;2
573220;2009-08-26;Quarta;08:55:00;SP;116;121.5;CACAPAVA;Outras;Colisão traseira;Sem Vítimas;Pleno dia;Decrescente;Sol;Dupla;Reta;Rural;2;2
573225;2009-08-22;Sábado;03:00:00;SP;116;164.8;JACAREI;Ingestão de álcool;Colisão com objeto fixo;Sem Vítimas;Plena noite;Crescente;Ceu Claro;Dupla;Reta;Rural;1;1
573245;2009-08-25;Terça;08:20:00;SP;116;228.0;GUARULHOS;Falta de atenção;Colisão traseira;Com Vítimas Feridas;Pleno dia;Crescente;Nublado;Dupla;Reta;Rural;5;4
573261;2009-08-26;Quarta;08:55:00;SP;116;121.5;CACAPAVA;Outras;Colisão traseira;Sem Vítimas;Pleno dia;Decrescente;Sol;Dupla;Reta;Rural;2;2
573287;2009-08-26;Quarta;10:30:00;SP;116;210.0;GUARULHOS;Falta de atenção;Colisão traseira;Sem Vítimas;Pleno dia;Crescente;Ceu Claro;Múltipla;Reta;Urbano;3;3
573357;2009-08-26;Quarta;15:30:00;SP;116;123.1;CACAPAVA;Não guardar distância de segurança;Colisão traseira;Sem Vítimas;Pleno dia;Crescente;Sol;Dupla;Reta;Rural;3;3
573652;2009-08-21;Sexta;16:20:00;SP;116;224.5;GUARULHOS;Outras;Colisão lateral;Sem Vítimas;Pleno dia;Decrescente;Ceu Claro;Múltipla;Reta;Urbano;2;2
573758;2009-08-27;Quinta;08:40:00;SP;116;223.6;GUARULHOS;Não guardar distância de segurança;Colisão traseira;Sem Vítimas;Pleno dia;Crescente;Nublado;Múltipla;Reta;Urbano;3;3
573852;2009-08-23;Domingo;20:50:00;SP;116;229.9;SAO PAULO;Falta de atenção;Colisão traseira;Sem Vítimas;Plena noite;Crescente;Chuva;Múltipla;Reta;Urbano;2;2
573861;2009-08-27;Quinta;19:20:00;SP;116;224.0;GUARULHOS;Não guardar distância de segurança;Colisão lateral;Sem Vítimas;Plena noite;Crescente;Ceu Claro;Múltipla;Reta;Urbano;2;2
573862;2009-08-27;Quinta;20:20:00;SP;116;229.3;SAO PAULO;Falta de atenção;Colisão traseira;Com Vítimas Feridas;Plena noite;Crescente;Ceu Claro;Múltipla;Reta;Urbano;6;5
573874;2009-08-27;Quinta;07:30:00;SP;116;184.4;SANTA ISABEL;Outras;Colisão com objeto fixo;Sem Vítimas;Pleno dia;Crescente;Ceu Claro;Dupla;Reta;Rural;1;1
573968;2009-08-26;Quarta;06:45:00;SP;116;219.0;GUARULHOS;Outras;Colisão traseira;Sem Vítimas;Amanhecer;Crescente;Ceu Claro;Múltipla;Reta;Urbano;2;2
574141;2009-08-28;Sexta;05:35:00;SP;116;223.0;GUARULHOS;Falta de atenção;Colisão traseira;Sem Vítimas;Amanhecer;Crescente;Nevoeiro/neblina;Múltipla;Reta;Urbano;2;2
574148;2009-08-25;Terça;08:30:00;SP;116;144.5;SAO JOSE DOS CAMPOS;Outras;Colisão traseira;Sem Vítimas;Pleno dia;Crescente;Ceu Claro;Dupla;Reta;Urbano;2;2
574311;2009-08-25;Terça;08:40:00;SP;116;146.5;SAO JOSE DOS CAMPOS;Não guardar distância de segurança;Colisão traseira;Sem Vítimas;Pleno dia;Crescente;Sol;Dupla;Reta;Urbano;2;2
574355;2009-08-29;Sábado;07:25:00;SP;116;197.0;ARUJA;Outras;Colisão com objeto fixo;Sem Vítimas;Pleno dia;Crescente;Ceu Claro;Dupla;Reta;Urbano;1;1
574497;2009-08-27;Quinta;23:00:00;SP;116;224.9;GUARULHOS;Outras;Colisão frontal;Sem Vítimas;Plena noite;Crescente;Nublado;Múltipla;Reta;Urbano;3;3
574520;2009-08-26;Quarta;04:30:00;SP;116;227.5;GUARULHOS;Falta de atenção;Colisão traseira;Sem Vítimas;Plena noite;Decrescente;Nublado;Múltipla;Reta;Urbano;2;2
574538;2009-08-29;Sábado;13:20:00;SP;116;223.0;GUARULHOS;Falta de atenção;Colisão traseira;Sem Vítimas;Pleno dia;Decrescente;Sol;Múltipla;Reta;Urbano;2;2
574587;2009-08-29;Sábado;14:45:00;SP;116;144.2;SAO JOSE DOS CAMPOS;Falta de atenção;Colisão com objeto fixo;Sem Vítimas;Pleno dia;Decrescente;Sol;Múltipla;Reta;Urbano;1;1
574594;2009-08-29;Sábado;21:00:00;SP;116;212.0;GUARULHOS;Outras;Capotamento;Com Vítimas Feridas;Plena noite;Decrescente;Ceu Claro;Dupla;Reta;Urbano;1;1
574604;2009-08-24;Segunda;08:40:00;SP;116;228.0;SAO PAULO;Outras;Colisão traseira;Sem Vítimas;Pleno dia;Crescente;Nublado;Múltipla;Reta;Urbano;3;3
574626;2009-08-29;Sábado;12:15:00;SP;116;136.0;SAO JOSE DOS CAMPOS;Outras;Colisão frontal;Sem Vítimas;Pleno dia;Crescente;Ceu Claro;Simples;Curva;Urbano;2;2
574659;2009-08-29;Sábado;22:25:00;SP;116;147.9;SAO JOSE DOS CAMPOS;Outras;Colisão com objeto fixo;Com Vítimas Fatais;Plena noite;Crescente;Ceu Claro;Múltipla;Curva;Urbano;1;1
574745;2009-08-26;Quarta;23:40:00;SP;116;101.0;PINDAMONHANGABA;Outras;Colisão lateral;Sem Vítimas;Plena noite;Decrescente;Ceu Claro;Dupla;Reta;Rural;2;2
574812;2009-08-29;Sábado;04:20:00;SP;116;133.0;CACAPAVA;Outras;Colisão traseira;Com Vítimas Feridas;Plena noite;Crescente;Ceu Claro;Dupla;Reta;Urbano;3;2
574854;2009-08-29;Sábado;06:30:00;SP;116;135.6;SAO JOSE DOS CAMPOS;Falta de atenção;Colisão traseira;Com Vítimas Feridas;Amanhecer;Decrescente;Ceu Claro;Dupla;Reta;Urbano;3;2
574869;2009-08-27;Quinta;00:50:00;SP;116;216.3;GUARULHOS;Falta de atenção;Colisão traseira;Com Vítimas Feridas;Plena noite;Crescente;Ceu Claro;Múltipla;Reta;Urbano;2;2
574943;2009-08-28;Sexta;04:15:00;SP;116;181.8;SANTA ISABEL;Falta de atenção;Tombamento;Sem Vítimas;Plena noite;Decrescente;Ceu Claro;Dupla;Reta;Urbano;1;1
574956;2009-08-27;Quinta;23:20:00;SP;116;217.8;GUARULHOS;Outras;Queda de motocicleta / bicicleta / veículo;Com Vítimas Feridas;Plena noite;Crescente;Nublado;Múltipla;Reta;Urbano;1;1
574967;2009-08-28;Sexta;06:15:00;SP;116;222.7;GUARULHOS;Falta de atenção;Colisão traseira;Sem Vítimas;Pleno dia;Crescente;Nublado;Múltipla;Reta;Urbano;2;2
574990;2009-08-30;Domingo;12:20:00;SP;116;214.1;GUARULHOS;Falta de atenção;Colisão lateral;Sem Vítimas;Pleno dia;Crescente;Ceu Claro;Múltipla;Reta;Urbano;2;2
575008;2009-08-30;Domingo;07:50:00;SP;116;211.0;GUARULHOS;Falta de atenção;Queda de motocicleta / bicicleta / veículo;Com Vítimas Feridas;Pleno dia;Decrescente;Ceu Claro;Múltipla;Reta;Urbano;1;1
575013;2009-08-30;Domingo;17:00:00;SP;116;122.0;CACAPAVA;Outras;Colisão Transversal;Sem Vítimas;Pleno dia;Crescente;Sol;Dupla;Reta;Rural;2;2
575051;2009-08-26;Quarta;12:45:00;SP;116;139.9;SAO JOSE DOS CAMPOS;Outras;Incêndio;Sem Vítimas;Pleno dia;Crescente;Ceu Claro;Simples;Reta;Urbano;1;1
575087;2009-08-30;Domingo;20:16:00;SP;116;112.6;TAUBATE;Outras;Colisão traseira;Sem Vítimas;Plena noite;Decrescente;Nublado;Dupla;Reta;Urbano;2;2
575091;2009-08-28;Sexta;17:30:00;SP;116;228.0;SAO PAULO;Outras;Colisão com objeto fixo;Com Vítimas Feridas;Pleno dia;Crescente;Sol;Múltipla;Reta;Urbano;4;2
575129;2009-07-20;Segunda;14:30:00;SP;116;227.0;GUARULHOS;Outras;Colisão lateral;Sem Vítimas;Pleno dia;Crescente;Ceu Claro;Múltipla;Reta;Urbano;2;2
575130;2009-08-28;Sexta;12:00:00;SP;116;229.0;SAO PAULO;Outras;Colisão traseira;Sem Vítimas;Pleno dia;Crescente;Sol;Múltipla;Reta;Urbano;2;2
575141;2009-08-28;Sexta;16:45:00;SP;116;229.0;SAO PAULO;Outras;Colisão lateral;Com Vítimas Feridas;Pleno dia;Crescente;Nublado;Múltipla;Reta;Urbano;2;2
575159;2009-08-29;Sábado;08:00:00;SP;116;224.2;GUARULHOS;Outras;Colisão traseira;Com Vítimas Feridas;Pleno dia;Decrescente;Sol;Dupla;Reta;Rural;2;2
575196;2009-08-30;Domingo;05:20:00;SP;116;222.0;GUARULHOS;Falta de atenção;Capotamento;Com Vítimas Feridas;Plena noite;Decrescente;Nublado;Múltipla;Reta;Urbano;2;1
575491;2009-08-26;Quarta;07:30:00;SP;116;217.0;GUARULHOS;Falta de atenção;Colisão traseira;Sem Vítimas;Pleno dia;Crescente;Ceu Claro;Múltipla;Reta;Urbano;3;3
575499;2009-08-31;Segunda;22:54:00;SP;116;115.5;TAUBATE;Falta de atenção;Colisão traseira;Sem Vítimas;Plena noite;Decrescente;Ceu Claro;Dupla;Reta;Urbano;2;2
575540;2009-08-25;Terça;10:30:00;SP;116;196.0;ARUJA;Outras;Atropelamento de animal;Sem Vítimas;Pleno dia;Crescente;Ceu Claro;Dupla;Reta;Urbano;1;1
575545;2009-08-26;Quarta;00:15:00;SP;116;212.0;GUARULHOS;Outras;Colisão traseira;Sem Vítimas;Plena noite;Decrescente;Ceu Claro;Dupla;Reta;Urbano;2;2
575613;2009-08-28;Sexta;17:55:00;SP;116;157.7;SAO JOSE DOS CAMPOS;Outras;Colisão traseira;Com Vítimas Feridas;Pleno dia;Decrescente;Ceu Claro;Dupla;Reta;Urbano;2;2
575623;2009-08-26;Quarta;13:20:00;SP;116;139.9;SAO JOSE DOS CAMPOS;Outras;Colisão lateral;Sem Vítimas;Pleno dia;Crescente;Ceu Claro;Simples;Reta;Urbano;3;3
575625;2009-08-29;Sábado;03:35:00;SP;116;135.0;SAO JOSE DOS CAMPOS;Outras;Colisão traseira;Sem Vítimas;Plena noite;Decrescente;Ceu Claro;Dupla;Reta;Rural;2;2
575654;2009-08-31;Segunda;19:40:00;SP;116;170.0;JACAREI;Outras;Colisão com objeto móvel;Sem Vítimas;Plena noite;Decrescente;Ceu Claro;Dupla;Reta;Urbano;1;1
575770;2009-09-01;Terça;12:10:00;SP;116;100.9;PINDAMONHANGABA;Falta de atenção;Colisão lateral;Sem Vítimas;Pleno dia;Decrescente;Sol;Dupla;Reta;Rural;2;2
575901;2009-09-01;Terça;04:30:00;SP;116;109.7;TAUBATE;Outras;Colisão traseira;Sem Vítimas;Plena noite;Crescente;Ceu Claro;Dupla;Reta;Urbano;2;2
575905;2009-08-27;Quinta;15:10:00;SP;116;211.0;GUARULHOS;Defeito mecânico em veículo;Queda de motocicleta / bicicleta / veículo;Com Vítimas Feridas;Pleno dia;Decrescente;Ceu Claro;Múltipla;Reta;Urbano;2;1
575978;2009-09-02;Quarta;07:30:00;SP;116;213.0;GUARULHOS;Outras;Colisão traseira;Sem Vítimas;Pleno dia;Decrescente;Ceu Claro;Múltipla;Reta;Urbano;2;2
576066;2009-08-31;Segunda;18:25:00;SP;116;227.5;GUARULHOS;Outras;Colisão traseira;Sem Vítimas;Plena noite;Crescente;Ceu Claro;Múltipla;Reta;Urbano;2;2
576084;2009-08-29;Sábado;20:45:00;SP;116;223.0;GUARULHOS;Outras;Colisão lateral;Sem Vítimas;Plena noite;Decrescente;Ceu Claro;Dupla;Reta;Urbano;2;2
576165;2009-09-02;Quarta;14:45:00;SP;116;146.4;SAO JOSE DOS CAMPOS;Outras;Colisão traseira;Com Vítimas Feridas;Pleno dia;Decrescente;Ceu Claro;Dupla;Reta;Urbano;2;2
576201;2009-08-28;Sexta;13:00:00;SP;116;225.0;GUARULHOS;Outras;Colisão traseira;Sem Vítimas;Pleno dia;Crescente;Ceu Claro;Múltipla;Reta;Urbano;2;2
576208;2009-08-31;Segunda;07:50:00;SP;116;165.0;JACAREI;Outras;Colisão lateral;Sem Vítimas;Pleno dia;Decrescente;Nublado;Múltipla;Reta;Urbano;2;2
576231;2009-08-30;Domingo;20:30:00;SP;116;201.0;GUARULHOS;Falta de atenção;Colisão traseira;Sem Vítimas;Plena noite;Crescente;Ceu Claro;Dupla;Reta;Rural;2;2
576316;2009-09-02;Quarta;09:10:00;SP;116;224.0;GUARULHOS;Falta de atenção;Colisão traseira;Com Vítimas Feridas;Pleno dia;Decrescente;Ceu Claro;Múltipla;Reta;Urbano;3;2
576338;2009-08-28;Sexta;19:00:00;SP;116;225.0;GUARULHOS;Falta de atenção;Colisão traseira;Com Vítimas Feridas;Plena noite;Decrescente;Ceu Claro;Múltipla;Reta;Urbano;3;2
576402;2009-08-31;Segunda;19:28:00;SP;116;216.2;GUARULHOS;Outras;Colisão lateral;Com Vítimas Feridas;Anoitecer;Crescente;Ceu Claro;Múltipla;Reta;Urbano;2;2
576426;2009-09-02;Quarta;03:20:00;SP;116;169.5;JACAREI;Falta de atenção;Colisão traseira;Com Vítimas Feridas;Plena noite;Decrescente;Ceu Claro;Dupla;Reta;Urbano;2;2
576457;2009-08-31;Segunda;06:45:00;SP;116;215.0;GUARULHOS;Outras;Colisão traseira;Com Vítimas Feridas;Pleno dia;Crescente;Ceu Claro;Múltipla;Reta;Urbano;2;2
576499;2009-08-31;Segunda;08:15:00;SP;116;145.0;SAO JOSE DOS CAMPOS;Não guardar distância de segurança;Colisão traseira;Sem Vítimas;Pleno dia;Crescente;Sol;Dupla;Reta;Urbano;3;3
576613;2009-08-30;Domingo;20:15:00;SP;116;112.0;TAUBATE;Outras;Colisão traseira;Com Vítimas Feridas;Plena noite;Decrescente;Ceu Claro;Dupla;Reta;Urbano;2;2
576673;2009-08-30;Domingo;18:40:00;SP;116;112.0;TAUBATE;Falta de atenção;Colisão traseira;Com Vítimas Feridas;Plena noite;Decrescente;Ceu Claro;Dupla;Reta;Urbano;2;2
576740;2009-09-01;Terça;09:00:00;SP;116;219.0;GUARULHOS;Outras;Colisão traseira;Sem Vítimas;Pleno dia;Crescente;Ceu Claro;Múltipla;Reta;Rural;2;2
576754;2009-09-03;Quinta;07:30:00;SP;116;220.0;GUARULHOS;Outras;Colisão traseira;Com Vítimas Feridas;Pleno dia;Crescente;Sol;Dupla;Reta;Rural;3;3
576759;2009-09-03;Quinta;17:20:00;SP;116;217.0;GUARULHOS;Outras;Colisão lateral;Com Vítimas Feridas;Anoitecer;Decrescente;Chuva;Múltipla;Reta;Rural;2;2
576776;2009-09-04;Sexta;01:18:00;SP;116;130.0;CACAPAVA;Não guardar distância de segurança;Colisão traseira;Sem Vítimas;Plena noite;Crescente;Nublado;Dupla;Reta;Urbano;2;2
576778;2009-09-03;Quinta;14:40:00;SP;116;216.5;GUARULHOS;Defeito mecânico em veículo;Queda de motocicleta / bicicleta / veículo;Com Vítimas Feridas;Pleno dia;Crescente;Ceu Claro;Múltipla;Reta;Urbano;2;1
576829;2009-09-03;Quinta;15:00:00;SP;116;210.0;GUARULHOS;Outras;Colisão traseira;Sem Vítimas;Pleno dia;Crescente;Ceu Claro;Dupla;Reta;Urbano;3;3
576844;2009-09-03;Quinta;22:25:00;SP;116;208.0;GUARULHOS;Outras;Colisão lateral;Sem Vítimas;Plena noite;Decrescente;Nublado;Múltipla;Reta;Urbano;2;2
576876;2009-09-04;Sexta;07:10:00;SP;116;216.0;GUARULHOS;Falta de atenção;Colisão traseira;Sem Vítimas;Pleno dia;Crescente;Chuva;Múltipla;Reta;Urbano;3;3
576947;2009-09-04;Sexta;07:40:00;SP;116;213.9;GUARULHOS;Falta de atenção;Colisão traseira;Sem Vítimas;Pleno dia;Crescente;Chuva;Múltipla;Reta;Urbano;2;2
577111;2009-09-04;Sexta;05:30:00;SP;116;187.1;SANTA ISABEL;Falta de atenção;Colisão traseira;Sem Vítimas;Amanhecer;Decrescente;Chuva;Dupla;Curva;Rural;4;4
577127;2009-09-04;Sexta;16:10:00;SP;116;113.0;TAUBATE;Outras;Colisão traseira;Sem Vítimas;Pleno dia;Decrescente;Ceu Claro;Simples;Reta;Urbano;2;2
577306;2009-09-04;Sexta;18:40:00;SP;116;227.0;GUARULHOS;Falta de atenção;Colisão traseira;Sem Vítimas;Plena noite;Decrescente;Ceu Claro;Múltipla;Reta;Urbano;2;2
577454;2009-09-05;Sábado;08:40:00;SP;116;124.2;CACAPAVA;Não guardar distância de segurança;Colisão traseira;Sem Vítimas;Pleno dia;Decrescente;Ceu Claro;Dupla;Reta;Urbano;2;2
577480;2009-09-04;Sexta;17:20:00;SP;116;211.0;GUARULHOS;Falta de atenção;Colisão traseira;Sem Vítimas;Pleno dia;Decrescente;Nublado;Múltipla;Reta;Urbano;2;2
577635;2009-08-31;Segunda;09:40:00;SP;116;217.0;GUARULHOS;Outras;Colisão lateral;Sem Vítimas;Pleno dia;Crescente;Sol;Múltipla;Reta;Urbano;2;2
577645;2009-09-03;Quinta;08:55:00;SP;116;155.8;SAO JOSE DOS CAMPOS;Falta de atenção;Colisão traseira;Com Vítimas Feridas;Pleno dia;Crescente;Ceu Claro;Dupla;Reta;Rural;5;5
577652;2009-08-31;Segunda;18:08:00;SP;116;217.0;GUARULHOS;Outras;Colisão traseira;Sem Vítimas;Pleno dia;Crescente;Nublado;Múltipla;Reta;Urbano;4;4
577879;2009-09-02;Quarta;17:45:00;SP;116;227.0;GUARULHOS;Outras;Colisão traseira;Sem Vítimas;Anoitecer;Decrescente;Nublado;Múltipla;Curva;Urbano;2;2
577900;2009-09-02;Quarta;23:30:00;SP;116;229.0;SAO PAULO;Defeito mecânico em veículo;Colisão com objeto móvel;Sem Vítimas;Plena noite;Decrescente;Nublado;Múltipla;Reta;Urbano;2;2
577922;2009-09-04;Sexta;07:10:00;SP;116;219.6;GUARULHOS;Defeito mecânico em veículo;Colisão lateral;Sem Vítimas;Pleno dia;Crescente;Nublado;Múltipla;Reta;Urbano;2;2
577929;2009-09-04;Sexta;09:20:00;SP;116;216.0;GUARULHOS;Falta de atenção;Colisão com objeto fixo;Sem Vítimas;Pleno dia;Decrescente;Chuva;Múltipla;Reta;Urbano;1;1
577938;2009-09-04;Sexta;17:00:00;SP;116;219.4;GUARULHOS;Falta de atenção;Colisão traseira;Sem Vítimas;Pleno dia;Crescente;Nublado;Múltipla;Reta;Urbano;2;2
577961;2009-09-02;Quarta;07:55:00;SP;116;218.0;GUARULHOS;Outras;Colisão traseira;Sem Vítimas;Amanhecer;Decrescente;Sol;Múltipla;Reta;Urbano;3;3
578105;2009-09-02;Quarta;19:30:00;SP;116;227.6;GUARULHOS;Outras;Colisão lateral;Com Vítimas Feridas;Anoitecer;Decrescente;Ceu Claro;Múltipla;Curva;Urbano;3;3
578222;2009-09-03;Quinta;08:30:00;SP;116;157.0;SAO JOSE DOS CAMPOS;Outras;Colisão traseira;Sem Vítimas;Pleno dia;Crescente;Sol;Dupla;Reta;Urbano;2;2
578256;2009-08-30;Domingo;22:00:00;SP;116;219.0;GUARULHOS;Falta de atenção;Atropelamento de pessoa;Com Vítimas Feridas;Plena noite;Decrescente;Ceu Claro;Dupla;Curva;Urbano;2;1
578263;2009-09-04;Sexta;18:20:00;SP;116;119.0;TAUBATE;Outras;Colisão traseira;Sem Vítimas;Plena noite;Decrescente;Ceu Claro;Dupla;Reta;Rural;2;2
578288;2009-09-06;Domingo;16:05:00;SP;116;165.1;JACAREI;Defeito na via;Colisão traseira;Sem Vítimas;Pleno dia;Decrescente;Chuva;Múltipla;Reta;Rural;2;2
578295;2009-09-04;Sexta;18:30:00;SP;116;228.0;SAO PAULO;Falta de atenção;Colisão lateral;Sem Vítimas;Plena noite;Decrescente;Ceu Claro;Múltipla;Reta;Urbano;2;2
578316;2009-09-02;Quarta;19:00:00;SP;116;216.5;GUARULHOS;Outras;Colisão traseira;Com Vítimas Feridas;Plena noite;Decrescente;Nublado;Múltipla;Reta;Urbano;3;2
578340;2009-09-06;Domingo;22:40:00;SP;116;222.0;GUARULHOS;Falta de atenção;Colisão traseira;Sem Vítimas;Plena noite;Decrescente;Chuva;Múltipla;Reta;Urbano;2;2
578341;2009-09-06;Domingo;23:30:00;SP;116;219.8;GUARULHOS;Outras;Colisão com objeto fixo;Sem Vítimas;Plena noite;Decrescente;Nublado;Múltipla;Reta;Urbano;1;1
578426;2009-09-05;Sábado;09:15:00;SP;116;113.1;TAUBATE;Falta de atenção;Colisão traseira;Com Vítimas Feridas;Pleno dia;Decrescente;Ceu Claro;Dupla;Reta;Urbano;6;5
578442;2009-08-31;Segunda;19:26:00;SP;116;215.0;GUARULHOS;Outras;Colisão com objeto fixo;Sem Vítimas;Anoitecer;Crescente;Ceu Claro;Múltipla;Reta;Urbano;2;2
578747;2009-09-05;Sábado;18:40:00;SP;116;222.0;GUARULHOS;Outras;Queda de motocicleta / bicicleta / veículo;Com Vítimas Feridas;Anoitecer;Decrescente;Nublado;Múltipla;Reta;Urbano;1;1
578752;2009-09-01;Terça;07:00:00;SP;116;227.0;GUARULHOS;Outras;Queda de motocicleta / bicicleta / veículo;Com Vítimas Feridas;Pleno dia;Decrescente;Nublado;Simples;Curva;Urbano;1;1
578776;2009-09-04;Sexta;12:05:00;SP;116;219.0;GUARULHOS;Defeito mecânico em veículo;Colisão traseira;Sem Vítimas;Pleno dia;Decrescente;Nublado;Múltipla;Reta;Urbano;3;3
578808;2009-09-05;Sábado;06:30:00;SP;116;220.5;GUARULHOS;Falta de atenção;Colisão lateral;Sem Vítimas;Amanhecer;Crescente;Nublado;Múltipla;Reta;Urbano;2;2
578824;2009-08-31;Segunda;11:50:00;SP;116;229.0;SAO PAULO;Falta de atenção;Colisão traseira;Sem Vítimas;Pleno dia;Crescente;Nublado;Múltipla;Reta;Urbano;2;2
578830;2009-09-07;Segunda;18:40:00;SP;116;106.3;TAUBATE;Outras;Colisão traseira;Sem Vítimas;Plena noite;Crescente;Ceu Claro;Dupla;Reta;Urbano;2;2
578867;2009-09-03;Quinta;16:30:00;SP;116;227.0;GUARULHOS;Outras;Colisão traseira;Sem Vítimas;Pleno dia;Decrescente;Nublado;Múltipla;Reta;Urbano;4;4
578883;2009-09-07;Segunda;23:00:00;SP;116;125.5;CACAPAVA;Outras;Colisão com objeto fixo;Sem Vítimas;Plena noite;Crescente;Ceu Claro;Dupla;Reta;Urbano;1;1
578903;2009-09-07;Segunda;17:10:00;SP;116;106.7;TAUBATE;Outras;Colisão traseira;Sem Vítimas;Pleno dia;Crescente;Sol;Dupla;Reta;Urbano;2;2
578913;2009-09-07;Segunda;19:05:00;SP;116;113.0;TAUBATE;Outras;Colisão traseira;Sem Vítimas;Plena noite;Crescente;Ceu Claro;Dupla;Reta;Urbano;3;3
578957;2009-09-06;Domingo;18:10:00;SP;116;100.0;PINDAMONHANGABA;Outras;Colisão traseira;Sem Vítimas;Plena noite;Crescente;Chuva;Dupla;Reta;Urbano;2;2
578961;2009-09-01;Terça;07:50:00;SP;116;223.0;GUARULHOS;Outras;Colisão traseira;Sem Vítimas;Pleno dia;Crescente;Sol;Múltipla;Reta;Urbano;2;2
578966;2009-09-07;Segunda;17:55:00;SP;116;104.9;TAUBATE;Outras;Colisão traseira;Sem Vítimas;Anoitecer;Crescente;Ceu Claro;Dupla;Reta;Rural;2;2
579030;2009-09-04;Sexta;00:20:00;SP;116;216.9;GUARULHOS;Outras;Saída de Pista;Sem Vítimas;Plena noite;Crescente;Ceu Claro;Múltipla;Reta;Urbano;1;1
579072;2009-09-03;Quinta;18:50:00;SP;116;157.0;SAO JOSE DOS CAMPOS;Falta de atenção;Colisão traseira;Sem Vítimas;Plena noite;Decrescente;Chuva;Dupla;Reta;Urbano;2;2
579119;2009-09-04;Sexta;07:40:00;SP;116;165.0;JACAREI;Falta de atenção;Colisão traseira;Com Vítimas Feridas;Pleno dia;Decrescente;Chuva;Múltipla;Reta;Rural;5;4
579123;2009-09-05;Sábado;16:50:00;SP;116;189.9;SANTA ISABEL;Defeito mecânico em veículo;Capotamento;Com Vítimas Feridas;Pleno dia;Decrescente;Ceu Claro;Dupla;Reta;Rural;4;1
579332;2009-09-04;Sexta;09:00:00;SP;116;144.3;SAO JOSE DOS CAMPOS;Não guardar distância de segurança;Colisão traseira;Com Vítimas Feridas;Pleno dia;Crescente;Nublado;Dupla;Reta;Urbano;3;2