id;data_inversa;dia_semana;horario;uf;br;km;municipio;causa_acidente;tipo_acidente;classificacao_acidente;fase_dia;sentido_via;condicao_metereologica;tipo_pista;tracado_via;uso_solo;pessoas;veiculos
579335;2009-09-08;Terça;15:00:00;SP;116;200.0;ARUJA;Falta de atenção;Colisão traseira;Com Vítimas Feridas;Pleno dia;Decrescente;Chuva;Dupla;Reta;Urbano;4;2
579363;2009-09-04;Sexta;16:00:00;SP;116;144.5;SAO JOSE DOS CAMPOS;Não guardar distância de segurança;Colisão traseira;Sem Vítimas;Pleno dia;Crescente;Sol;Dupla;Reta;Urbano;2;2
579414;2009-09-04;Sexta;18:15:00;SP;116;147.0;SAO JOSE DOS CAMPOS;Outras;Colisão com objeto fixo;Sem Vítimas;Anoitecer;Decrescente;Ceu Claro;Dupla;Reta;Urbano;1;1
579435;2009-09-05;Sábado;05:30:00;SP;116;156.5;SAO JOSE DOS CAMPOS;Não guardar distância de segurança;Colisão traseira;Sem Vítimas;Amanhecer;Crescente;Ceu Claro;Dupla;Reta;Urbano;2;2
579449;2009-09-08;Terça;20:40:00;SP;116;137.6;SAO JOSE DOS CAMPOS;Outras;Saída de Pista;Sem Vítimas;Plena noite;Decrescente;Chuva;Dupla;Curva;Rural;1;1
579462;2009-09-07;Segunda;16:30:00;SP;116;144.8;SAO JOSE DOS CAMPOS;Não guardar distância de segurança;Colisão traseira;Sem Vítimas;Pleno dia;Crescente;Sol;Dupla;Reta;Urbano;3;3
579577;2009-09-04;Sexta;17:50:00;SP;116;119.0;TAUBATE;Outras;Colisão traseira;Sem Vítimas;Anoitecer;Decrescente;Nublado;Dupla;Reta;Rural;2;2
579634;2009-09-05;Sábado;10:00:00;SP;116;114.9;TAUBATE;Não guardar distância de segurança;Colisão traseira;Sem Vítimas;Pleno dia;Decrescente;Ceu Claro;Dupla;Reta;Urbano;4;4
579669;2009-09-03;Quinta;19:30:00;SP;116;219.0;GUARULHOS;Outras;Colisão traseira;Sem Vítimas;Plena noite;Decrescente;Ceu Claro;Múltipla;Reta;Urbano;2;2
579672;2009-08-31;Segunda;08:00:00;SP;116;157.0;SAO JOSE DOS CAMPOS;Outras;Colisão traseira;Sem Vítimas;Pleno dia;Decrescente;Ceu Claro;Dupla;Reta;Urbano;3;3
579677;2009-09-07;Segunda;06:50:00;SP;116;209.0;GUARULHOS;Outras;Atropelamento de pessoa;Com Vítimas Feridas;Pleno dia;Crescente;Ceu Claro;Múltipla;Reta;Urbano;2;1
579692;2009-09-07;Segunda;19:15:00;SP;116;144.3;SAO JOSE DOS CAMPOS;Outras;Colisão traseira;Sem Vítimas;Plena noite;Crescente;Ceu Claro;Dupla;Reta;Urbano;2;2
579707;2009-09-03;Quinta;19:15:00;SP;116;186.0;SANTA ISABEL;Outras;Saída de Pista;Sem Vítimas;Plena noite;Crescente;Chuva;Dupla;Curva;Rural;1;1
579724;2009-09-08;Terça;06:40:00;SP;116;157.0;SAO JOSE DOS CAMPOS;Não guardar distância de segurança;Colisão traseira;Sem Vítimas;Amanhecer;Decrescente;Ceu Claro;Dupla;Reta;Urbano;2;2
579727;2009-09-05;Sábado;10:00:00;SP;116;158.0;JACAREI;Não guardar distância de segurança;Colisão traseira;Sem Vítimas;Plena noite;Decrescente;Ceu Claro;Dupla;Reta;Urbano;3;3
579744;2009-09-05;Sábado;18:40:00;SP;116;145.5;SAO JOSE DOS CAMPOS;Outras;Colisão traseira;Com Vítimas Feridas;Plena noite;Crescente;Ceu Claro;Dupla;Reta;Urbano;3;2
579851;2009-09-07;Segunda;18:00:00;SP;116;204.0;ARUJA;Outras;Colisão lateral;Com Vítimas Feridas;Anoitecer;Crescente;Ceu Claro;Múltipla;Reta;Urbano;2;2
580023;2009-09-09;Quarta;17:05:00;SP;116;109.0;TAUBATE;Falta de atenção;Colisão traseira;Com Vítimas Feridas;Pleno dia;Crescente;Nublado;Dupla;Reta;Urbano;4;4
580183;2009-09-04;Sexta;06:00:00;SP;116;165.0;JACAREI;Outras;Colisão com objeto fixo;Sem Vítimas;Amanhecer;Crescente;Chuva;Múltipla;Reta;Rural;1;1
580191;2009-08-18;Terça;18:30:00;SP;116;216.0;GUARULHOS;Falta de atenção;Colisão traseira;Com Vítimas Feridas;Anoitecer;Crescente;Chuva;Múltipla;Reta;Urbano;2;2
580193;2009-09-07;Segunda;15:42:00;SP;116;146.0;SAO JOSE DOS CAMPOS;Outras;Colisão traseira;Sem Vítimas;Pleno dia;Crescente;Sol;Dupla;Reta;Urbano;3;3
580194;2009-06-26;Sexta;11:00:00;SP;116;177.0;GUARAREMA;Outras;Colisão lateral;Sem Vítimas;Pleno dia;Crescente;Ceu Claro;Dupla;Reta;Urbano;2;2
580207;2009-09-07;Segunda;18:50:00;SP;116;155.0;SAO JOSE DOS CAMPOS;Outras;Colisão traseira;Sem Vítimas;Plena noite;Crescente;Ceu Claro;Dupla;Reta;Urbano;3;3
580231;2009-09-07;Segunda;20:50:00;SP;116;144.0;SAO JOSE DOS CAMPOS;Outras;Colisão traseira;Sem Vítimas;Plena noite;Crescente;Ceu Claro;Dupla;Reta;Urbano;3;3
580292;2009-09-09;Quarta;19:00:00;SP;116;155.0;SAO JOSE DOS CAMPOS;Não guardar distância de segurança;Colisão traseira;Sem Vítimas;Pleno dia;Decrescente;Nublado;Dupla;Reta;Urbano;4;4
580373;2009-09-09;Quarta;19:10:00;SP;116;156.0;SAO JOSE DOS CAMPOS;Outras;Colisão lateral;Com Vítimas Feridas;Plena noite;Decrescente;Nublado;Simples;Reta;Urbano;3;3
580441;2009-09-09;Quarta;16:40:00;SP;116;173.0;JACAREI;Outras;Colisão com objeto fixo;Sem Vítimas;Pleno dia;Decrescente;Nublado;Dupla;Reta;Rural;1;1
580455;2009-09-08;Terça;23:41:00;SP;116;198.0;ARUJA;Falta de atenção;Saída de Pista;Sem Vítimas;Plena noite;Decrescente;Nublado;Dupla;Curva;Rural;1;1
580466;2009-09-08;Terça;19:25:00;SP;116;209.0;GUARULHOS;Falta de atenção;Colisão traseira;Sem Vítimas;Plena noite;Decrescente;Nublado;Dupla;Reta;Urbano;3;3
580474;2009-09-05;Sábado;03:10:00;SP;116;169.0;JACAREI;Falta de atenção;Colisão lateral;Sem Vítimas;Plena noite;Crescente;Nublado;Dupla;Reta;Rural;2;2
580481;2009-09-08;Terça;17:41:00;SP;116;197.0;ARUJA;Falta de atenção;Colisão traseira;Sem Vítimas;Anoitecer;Decrescente;Chuva;Dupla;Curva;Rural;2;2
580493;2009-09-08;Terça;14:05:00;SP;116;171.0;JACAREI;Defeito na via;Colisão traseira;Sem Vítimas;Pleno dia;Crescente;Chuva;Dupla;Reta;Rural;3;3
580497;2009-09-07;Segunda;16:05:00;SP;116;141.5;SAO JOSE DOS CAMPOS;Outras;Colisão traseira;Sem Vítimas;Pleno dia;Crescente;Ceu Claro;Dupla;Reta;Urbano;2;2
580505;2009-09-03;Quinta;07:30:00;SP;116;220.0;GUARULHOS;Outras;Colisão traseira;Sem Vítimas;Pleno dia;Crescente;Ceu Claro;Múltipla;Reta;Urbano;3;3
580513;2009-09-10;Quinta;17:00:00;SP;116;223.4;GUARULHOS;Outras;Colisão traseira;Sem Vítimas;Pleno dia;Decrescente;Nublado;Múltipla;Reta;Urbano;3;3
580526;2009-09-09;Quarta;06:00:00;SP;116;196.5;ARUJA;Defeito na via;Colisão com objeto fixo;Sem Vítimas;Pleno dia;Crescente;Nublado;Dupla;Reta;Rural;3;3
580549;2009-09-06;Domingo;15:30:00;SP;116;120.0;CACAPAVA;Outras;Colisão traseira;Sem Vítimas;Pleno dia;Decrescente;Chuva;Dupla;Reta;Rural;2;2
580577;2009-09-10;Quinta;07:30:00;SP;116;110.0;TAUBATE;Dormindo;Colisão traseira;Sem Vítimas;Pleno dia;Decrescente;Ceu Claro;Dupla;Reta;Urbano;2;2
580624;2009-09-11;Sexta;04:15:00;SP;116;153.0;SAO JOSE DOS CAMPOS;Falta de atenção;Colisão traseira;Sem Vítimas;Plena noite;Crescente;Ceu Claro;Dupla;Reta;Urbano;2;2
580642;2009-09-10;Quinta;15:30:00;SP;116;219.0;GUARULHOS;Outras;Saída de Pista;Sem Vítimas;Pleno dia;Crescente;Nublado;Múltipla;Reta;Urbano;1;1
580681;2009-09-05;Sábado;09:10:00;SP;116;154.7;SAO JOSE DOS CAMPOS;Outras;Colisão com objeto móvel;Sem Vítimas;Pleno dia;Decrescente;Nublado;Dupla;Reta;Urbano;2;2
580911;2009-09-08;Terça;14:10:00;SP;116;171.0;JACAREI;Outras;Colisão com objeto fixo;Sem Vítimas;Pleno dia;Decrescente;Chuva;Dupla;Curva;Rural;1;1
580936;2009-09-08;Terça;14:30:00;SP;116;168.0;JACAREI;Outras;Colisão com objeto fixo;Sem Vítimas;Pleno dia;Crescente;Chuva;Dupla;Reta;Urbano;1;1
580954;2009-09-09;Quarta;09:30:00;SP;116;225.0;GUARULHOS;Defeito mecânico em veículo;Colisão lateral;Sem Vítimas;Pleno dia;Decrescente;Ceu Claro;Múltipla;Reta;Urbano;2;2
580991;2009-09-11;Sexta;15:00:00;SP;116;112.4;TAUBATE;Outras;Colisão com objeto fixo;Sem Vítimas;Pleno dia;Decrescente;Sol;Dupla;Reta;Urbano;2;2
581030;2009-09-11;Sexta;16:15:00;SP;116;210.0;GUARULHOS;Outras;Colisão lateral;Sem Vítimas;Pleno dia;Crescente;Ceu Claro;Simples;Reta;Urbano;2;2
581070;2009-09-11;Sexta;17:00:00;SP;116;142.4;SAO JOSE DOS CAMPOS;Outras;Colisão traseira;Sem Vítimas;Pleno dia;Crescente;Ceu Claro;Dupla;Reta;Urbano;2;2
581229;2009-09-04;Sexta;17:45:00;SP;116;114.2;TAUBATE;Outras;Colisão traseira;Sem Vítimas;Anoitecer;Decrescente;Ceu Claro;Simples;Reta;Urbano;2;2
581368;2009-09-08;Terça;17:00:00;SP;116;189.0;SANTA ISABEL;Falta de atenção;Colisão lateral;Sem Vítimas;Pleno dia;Crescente;Chuva;Dupla;Reta;Rural;2;2
581452;2009-09-09;Quarta;03:00:00;SP;116;171.0;JACAREI;Outras;Colisão traseira;Sem Vítimas;Plena noite;Crescente;Chuva;Dupla;Reta;Rural;2;2
581457;2009-09-12;Sábado;10:10:00;SP;116;132.5;CACAPAVA;Defeito mecânico em veículo;Saída de Pista;Sem Vítimas;Pleno dia;Decrescente;Sol;Dupla;Reta;Rural;1;1
581486;2009-09-09;Quarta;06:00:00;SP;116;169.0;JACAREI;Outras;Colisão traseira;Sem Vítimas;Amanhecer;Crescente;Nublado;Dupla;Reta;Rural;2;2
581699;2009-09-11;Sexta;18:00:00;SP;116;221.0;GUARULHOS;Falta de atenção;Colisão traseira;Sem Vítimas;Anoitecer;Decrescente;Ceu Claro;Múltipla;Reta;Urbano;4;4
581713;2009-09-05;Sábado;10:30:00;SP;116;159.7;JACAREI;Não guardar distância de segurança;Colisão traseira;Sem Vítimas;Pleno dia;Decrescente;Sol;Dupla;Reta;Rural;3;3
581743;2009-09-11;Sexta;16:00:00;SP;116;150.5;SAO JOSE DOS CAMPOS;Outras;Colisão traseira;Sem Vítimas;Pleno dia;Crescente;Nublado;Dupla;Reta;Urbano;2;2
581759;2009-09-12;Sábado;05:40:00;SP;116;156.7;SAO JOSE DOS CAMPOS;Outras;Colisão lateral;Sem Vítimas;Amanhecer;Crescente;Nublado;Dupla;Reta;Urbano;2;2
581776;2009-09-05;Sábado;18:35:00;SP;116;145.5;SAO JOSE DOS CAMPOS;Não guardar distância de segurança;Colisão traseira;Sem Vítimas;Anoitecer;Decrescente;Nublado;Dupla;Reta;Urbano;3;3
581810;2009-09-11;Sexta;22:30:00;SP;116;217.5;GUARULHOS;Outras;Colisão traseira;Sem Vítimas;Plena noite;Decrescente;Ceu Claro;Múltipla;Reta;Rural;3;2
581811;2009-09-06;Domingo;04:30:00;SP;116;161.5;JACAREI;Animais na Pista;Atropelamento de animal;Sem Vítimas;Plena noite;Decrescente;Nublado;Dupla;Reta;Rural;1;1
581862;2009-09-12;Sábado;15:30:00;SP;116;197.0;ARUJA;Falta de atenção;Colisão traseira;Com Vítimas Feridas;Pleno dia;Crescente;Ceu Claro;Dupla;Curva;Rural;3;2
581902;2009-09-13;Domingo;20:15:00;SP;116;141.9;SAO JOSE DOS CAMPOS;Ultrapassagem indevida;Colisão com objeto fixo;Sem Vítimas;Plena noite;Decrescente;Ceu Claro;Dupla;Reta;Urbano;1;1
581913;2009-09-05;Sábado;23:00:00;SP;116;211.0;GUARULHOS;Outras;Colisão com objeto fixo;Sem Vítimas;Plena noite;Crescente;Ceu Claro;Múltipla;Reta;Urbano;1;1
582073;2009-09-07;Segunda;18:30:00;SP;116;101.5;TAUBATE;Não guardar distância de segurança;Colisão traseira;Sem Vítimas;Plena noite;Decrescente;Ceu Claro;Dupla;Reta;Urbano;2;2
582086;2009-09-10;Quinta;09:55:00;SP;116;146.2;SAO JOSE DOS CAMPOS;Defeito mecânico em veículo;Colisão traseira;Com Vítimas Feridas;Pleno dia;Crescente;Sol;Dupla;Reta;Urbano;10;9
582137;2009-09-07;Segunda;18:29:00;SP;116;101.5;TAUBATE;Outras;Colisão traseira;Sem Vítimas;Anoitecer;Decrescente;Nublado;Dupla;Reta;Rural;2;2
582220;2009-09-14;Segunda;14:30:00;SP;116;139.0;SAO JOSE DOS CAMPOS;Outras;Saída de Pista;Sem Vítimas;Pleno dia;Decrescente;Chuva;Dupla;Reta;Urbano;1;1
582253;2009-09-14;Segunda;09:30:00;SP;116;191.0;SANTA ISABEL;Velocidade incompatível;Saída de Pista;Sem Vítimas;Pleno dia;Crescente;Chuva;Dupla;Reta;Rural;1;1
582265;2009-09-14;Segunda;13:45:00;SP;116;187.0;SANTA ISABEL;Outras;Saída de Pista;Sem Vítimas;Pleno dia;Decrescente;Chuva;Dupla;Reta;Rural;1;1
582266;2009-09-11;Sexta;14:00:00;SP;116;144.0;SAO JOSE DOS CAMPOS;Outras;Colisão traseira;Sem Vítimas;Pleno dia;Crescente;Sol;Dupla;Reta;Urbano;2;2
582267;2009-09-14;Segunda;13:40:00;SP;116;111.0;TAUBATE;Outras;Colisão traseira;Sem Vítimas;Plena noite;Decrescente;Chuva;Dupla;Reta;Urbano;2;2
582276;2009-09-12;Sábado;08:30:00;SP;116;218.0;GUARULHOS;Falta de atenção;Colisão lateral;Sem Vítimas;Pleno dia;Decrescente;Ceu Claro;Múltipla;Reta;Urbano;2;2
582289;2009-09-12;Sábado;13:10:00;SP;116;145.5;SAO JOSE DOS CAMPOS;Não guardar distância de segurança;Colisão traseira;Sem Vítimas;Pleno dia;Crescente;Ceu Claro;Dupla;Reta;Urbano;2;2
582291;2009-09-14;Segunda;12:00:00;SP;116;228.8;SAO PAULO;Outras;Colisão traseira;Sem Vítimas;Pleno dia;Crescente;Chuva;Múltipla;Reta;Urbano;2;2
582296;2009-09-14;Segunda;08:30:00;SP;116;228.0;SAO PAULO;Falta de atenção;Colisão traseira;Sem Vítimas;Pleno dia;Crescente;Chuva;Múltipla;Reta;Urbano;3;3
582326;2009-09-14;Segunda;19:00:00;SP;116;145.0;SAO JOSE DOS CAMPOS;Outras;Colisão traseira;Sem Vítimas;Plena noite;Crescente;Nublado;Dupla;Reta;Urbano;3;3
582366;2009-09-11;Sexta;18:40:00;SP;116;157.0;SAO JOSE DOS CAMPOS;Outras;Colisão traseira;Sem Vítimas;Plena noite;Crescente;Nublado;Dupla;Reta;Urbano;2;2
582396;2009-09-11;Sexta;06:50:00;SP;116;227.0;SAO PAULO;Outras;Colisão lateral;Com Vítimas Feridas;Amanhecer;Crescente;Nublado;Múltipla;Reta;Urbano;2;2
582407;2009-09-10;Quinta;22:30:00;SP;116;219.0;GUARULHOS;Outras;Colisão com objeto móvel;Sem Vítimas;Plena noite;Decrescente;Nublado;Múltipla;Reta;Urbano;1;1
582412;2009-09-15;Terça;00:00:00;SP;116;218.0;GUARULHOS;Falta de atenção;Colisão traseira;Sem Vítimas;Anoitecer;Decrescente;Nublado;Múltipla;Reta;Urbano;2;2
582477;2009-09-12;Sábado;05:20:00;SP;116;125.3;CACAPAVA;Outras;Colisão traseira;Sem Vítimas;Amanhecer;Crescente;Nublado;Dupla;Reta;Rural;2;2
582537;2009-09-09;Quarta;19:00:00;SP;116;204.0;ARUJA;Outras;Colisão traseira;Sem Vítimas;Plena noite;Decrescente;Nublado;Múltipla;Reta;Urbano;2;2
582552;2009-09-12;Sábado;15:00:00;SP;116;219.1;GUARULHOS;Falta de atenção;Colisão traseira;Sem Vítimas;Pleno dia;Decrescente;Ceu Claro;Múltipla;Reta;Urbano;2;2
582554;2009-09-14;Segunda;06:45:00;SP;116;222.0;GUARULHOS;Outras;Colisão lateral;Sem Vítimas;Amanhecer;Decrescente;Nublado;Múltipla;Reta;Urbano;2;2
582564;2009-09-14;Segunda;06:00:00;SP;116;191.5;SANTA ISABEL;Velocidade incompatível;Saída de Pista;Com Vítimas Feridas;Amanhecer;Crescente;Nublado;Dupla;Curva;Rural;1;1
582583;2009-09-12;Sábado;00:39:00;SP;116;134.2;SAO JOSE DOS CAMPOS;Outras;Colisão traseira;Sem Vítimas;Plena noite;Decrescente;Ceu Claro;Dupla;Reta;Urbano;3;3
582744;2009-09-15;Terça;08:00:00;SP;116;208.0;GUARULHOS;Outras;Colisão lateral;Sem Vítimas;Pleno dia;Crescente;Nublado;Múltipla;Reta;Urbano;2;2
582818;2009-09-15;Terça;19:40:00;SP;116;139.0;SAO JOSE DOS CAMPOS;Outras;Colisão frontal;Sem Vítimas;Plena noite;Decrescente;Nublado;Dupla;Reta;Urbano;3;3
582887;2009-09-16;Quarta;02:00:00;SP;116;101.0;PINDAMONHANGABA;Outras;Colisão lateral;Sem Vítimas;Plena noite;Decrescente;Ceu Claro;Dupla;Reta;Rural;2;2
582920;2009-09-08;Terça;17:30:00;SP;116;221.0;GUARULHOS;Falta de atenção;Colisão lateral;Sem Vítimas;Anoitecer;Decrescente;Chuva;Múltipla;Reta;Urbano;2;2
582974;2009-09-09;Quarta;18:30:00;SP;116;145.7;SAO JOSE DOS CAMPOS;Desobediência à sinalização;Colisão lateral;Com Vítimas Feridas;Anoitecer;Crescente;Nublado;Dupla;Reta;Urbano;2;2
583177;2009-09-12;Sábado;13:15:00;SP;116;165.0;JACAREI;Outras;Danos Eventuais;Sem Vítimas;Pleno dia;Crescente;Ceu Claro;Múltipla;Reta;Rural;1;1
583178;2009-09-14;Segunda;11:15:00;SP;116;147.5;SAO JOSE DOS CAMPOS;Falta de atenção;Colisão lateral;Sem Vítimas;Pleno dia;Crescente;Chuva;Múltipla;Reta;Rural;2;2
583247;2009-09-13;Domingo;22:20:00;SP;116;136.5;SAO JOSE DOS CAMPOS;Outras;Capotamento;Sem Vítimas;Plena noite;Crescente;Nublado;Dupla;Reta;Urbano;1;1
583261;2009-09-14;Segunda;05:30:00;SP;116;129.5;CACAPAVA;Outras;Colisão traseira;Com Vítimas Feridas;Amanhecer;Decrescente;Nublado;Dupla;Reta;Urbano;2;2
583302;2009-09-12;Sábado;06:00:00;SP;116;209.0;GUARULHOS;Outras;Colisão traseira;Sem Vítimas;Pleno dia;Crescente;Ceu Claro;Dupla;Reta;Urbano;2;2
583307;2009-09-11;Sexta;08:29:00;SP;116;216.0;GUARULHOS;Outras;Colisão traseira;Sem Vítimas;Pleno dia;Crescente;Ceu Claro;Múltipla;Reta;Urbano;2;2
583326;2009-09-09;Quarta;16:00:00;SP;116;220.0;GUARULHOS;Outras;Colisão lateral;Sem Vítimas;Pleno dia;Decrescente;Ceu Claro;Múltipla;Reta;Urbano;2;2
583362;2009-09-12;Sábado;18:34:00;SP;116;107.5;TAUBATE;Outras;Colisão lateral;Com Vítimas Feridas;Anoitecer;Decrescente;Ceu Claro;Dupla;Reta;Urbano;2;2
583431;2009-08-25;Terça;09:30:00;SP;116;145.8;SAO JOSE DOS CAMPOS;Outras;Capotamento;Com Vítimas Feridas;Pleno dia;Decrescente;Nublado;Dupla;Reta;Urbano;2;2
583455;2009-09-07;Segunda;15:40:00;SP;116;148.0;SAO JOSE DOS CAMPOS;Outras;Colisão lateral;Sem Vítimas;Pleno dia;Decrescente;Ceu Claro;Dupla;Reta;Urbano;2;2
583466;2009-09-11;Sexta;12:00:00;SP;116;165.0;JACAREI;Defeito na via;Colisão traseira;Sem Vítimas;Pleno dia;Crescente;Ceu Claro;Múltipla;Reta;Urbano;2;2
583477;2009-09-16;Quarta;08:30:00;SP;116;159.0;JACAREI;Outras;Colisão traseira;Sem Vítimas;Pleno dia;Decrescente;Nublado;Dupla;Reta;Urbano;3;3
583545;2009-09-10;Quinta;04:00:00;SP;116;175.9;GUARAREMA;Não guardar distância de segurança;Colisão lateral;Sem Vítimas;Plena noite;Decrescente;Ceu Claro;Dupla;Reta;Rural;2;2
583572;2009-09-17;Quinta;12:30:00;SP;116;214.0;GUARULHOS;Desobediência à sinalização;Colisão lateral;Com Vítimas Feridas;Pleno dia;Decrescente;Ceu Claro;Múltipla;Reta;Urbano;2;2
583596;2009-09-16;Quarta;08:00:00;SP;116;216.0;GUARULHOS;Falta de atenção;Colisão traseira;Com Vítimas Feridas;Pleno dia;Crescente;Sol;Múltipla;Reta;Urbano;3;3
583740;2009-09-16;Quarta;08:30:00;SP;116;156.0;SAO JOSE DOS CAMPOS;Não guardar distância de segurança;Colisão traseira;Sem Vítimas;Pleno dia;Crescente;Ceu Claro;Dupla;Reta;Urbano;4;4
583764;2009-09-16;Quarta;18:30:00;SP;116;147.7;SAO JOSE DOS CAMPOS;Falta de atenção;Colisão traseira;Sem Vítimas;Plena noite;Decrescente;Ceu Claro;Dupla;Reta;Urbano;5;5
583959;2009-09-15;Terça;16:20:00;SP;116;226.8;GUARULHOS;Outras;Colisão com objeto móvel;Sem Vítimas;Pleno dia;Crescente;Sol;Múltipla;Reta;Urbano;2;2
583985;2009-09-18;Sexta;08:40:00;SP;116;133.5;CACAPAVA;Outras;Colisão traseira;Sem Vítimas;Pleno dia;Crescente;Ceu Claro;Dupla;Reta;Urbano;2;2
583995;2009-09-14;Segunda;19:25:00;SP;116;119.0;TAUBATE;Outras;Colisão com objeto fixo;Sem Vítimas;Plena noite;Decrescente;Nublado;Dupla;Reta;Rural;1;1
584042;2009-09-14;Segunda;10:40:00;SP;116;215.1;GUARULHOS;Outras;Tombamento;Sem Vítimas;Pleno dia;Crescente;Ceu Claro;Múltipla;Reta;Urbano;1;1
584044;2009-09-16;Quarta;06:50:00;SP;116;220.0;GUARULHOS;Outras;Colisão traseira;Com Vítimas Fatais;Pleno dia;Crescente;Sol;Múltipla;Reta;Urbano;3;3
584155;2009-09-18;Sexta;08:00:00;SP;116;228.0;SAO PAULO;Outras;Colisão lateral;Sem Vítimas;Pleno dia;Decrescente;Ceu Claro;Múltipla;Reta;Urbano;2;2
584163;2009-09-14;Segunda;18:40:00;SP;116;222.0;GUARULHOS;Falta de atenção;Colisão traseira;Sem Vítimas;Plena noite;Crescente;Nublado;Múltipla;Reta;Urbano;2;2
584170;2009-09-18;Sexta;16:50:00;SP;116;228.0;SAO PAULO;Outras;Colisão traseira;Sem Vítimas;Pleno dia;Decrescente;Ceu Claro;Múltipla;Reta;Urbano;4;4
584174;2009-09-18;Sexta;12:00:00;SP;116;219.0;GUARULHOS;Falta de atenção;Colisão traseira;Com Vítimas Feridas;Pleno dia;Crescente;Sol;Múltipla;Reta;Urbano;2;2
584182;2009-09-18;Sexta;20:10:00;SP;116;229.2;SAO PAULO;Outras;Colisão traseira;Sem Vítimas;Plena noite;Crescente;Nublado;Múltipla;Reta;Urbano;4;4
584186;2009-09-17;Quinta;21:00:00;SP;116;226.0;GUARULHOS;Outras;Colisão traseira;Sem Vítimas;Plena noite;Decrescente;Ceu Claro;Múltipla;Reta;Urbano;2;2
584190;2009-09-18;Sexta;20:10:00;SP;116;226.5;SAO PAULO;Outras;Colisão traseira;Sem Vítimas;Plena noite;Crescente;Nevoeiro/neblina;Dupla;Reta;Urbano;2;2
584229;2009-09-14;Segunda;12:03:00;SP;116;223.5;GUARULHOS;Outras;Colisão traseira;Sem Vítimas;Pleno dia;Decrescente;Chuva;Múltipla;Reta;Urbano;2;2
584313;2009-09-16;Quarta;06:50:00;SP;116;110.5;TAUBATE;Outras;Queda de motocicleta / bicicleta / veículo;Com Vítimas Feridas;Pleno dia;Crescente;Nublado;Dupla;Reta;Urbano;1;1
584314;2009-09-17;Quinta;20:30:00;SP;116;181.0;GUARAREMA;Outras;Capotamento;Com Vítimas Feridas;Plena noite;Decrescente;Ceu Claro;Dupla;Reta;Urbano;3;2
584425;2009-09-16;Quarta;18:20:00;SP;116;147.2;SAO JOSE DOS CAMPOS;Não guardar distância de segurança;Colisão traseira;Sem Vítimas;Anoitecer;Decrescente;Nublado;Dupla;Reta;Urbano;2;2
584443;2009-09-15;Terça;20:20:00;SP;116;141.5;SAO JOSE DOS CAMPOS;Outras;Saída de Pista;Com Vítimas Feridas;Plena noite;Decrescente;Ceu Claro;Dupla;Reta;Urbano;3;1
584447;2009-09-12;Sábado;23:30:00;SP;116;222.0;GUARULHOS;Falta de atenção;Colisão com objeto fixo;Com Vítimas Feridas;Plena noite;Crescente;Nublado;Múltipla;Reta;Urbano;3;2
584461;2009-09-16;Quarta;17:30:00;SP;116;219.0;GUARULHOS;Falta de atenção;Colisão traseira;Sem Vítimas;Anoitecer;Decrescente;Ceu Claro;Múltipla;Reta;Urbano;2;2
584515;2009-09-17;Quinta;06:50:00;SP;116;209.9;GUARULHOS;Falta de atenção;Colisão lateral;Com Vítimas Feridas;Pleno dia;Crescente;Nublado;Dupla;Reta;Urbano;2;2
584597;2009-09-19;Sábado;22:50:00;SP;116;205.0;GUARULHOS;Outras;Colisão com objeto fixo;Com Vítimas Feridas;Plena noite;Decrescente;Nublado;Múltipla;Reta;Urbano;2;1
584628;2009-09-17;Quinta;23:50:00;SP;116;169.0;JACAREI;Outras;Colisão traseira;Sem Vítimas;Plena noite;Crescente;Ceu Claro;Dupla;Reta;Rural;2;2
584790;2009-09-18;Sexta;23:05:00;SP;116;145.0;SAO JOSE DOS CAMPOS;Outras;Atropelamento de pessoa;Com Vítimas Feridas;Plena noite;Decrescente;Ceu Claro;Dupla;Reta;Urbano;2;1
584812;2009-09-17;Quinta;06:45:00;SP;116;176.5;GUARAREMA;Outras;Saída de Pista;Sem Vítimas;Amanhecer;Decrescente;Ceu Claro;Dupla;Reta;Rural;1;1
585005;2009-09-20;Domingo;19:25:00;SP;116;204.0;ARUJA;Falta de atenção;Colisão traseira;Sem Vítimas;Plena noite;Crescente;Nublado;Dupla;Reta;Rural;4;4
585208;2009-09-19;Sábado;10:30:00;SP;116;165.0;JACAREI;Outras;Colisão traseira;Sem Vítimas;Pleno dia;Decrescente;Sol;Múltipla;Reta;Rural;3;3
585259;2009-09-20;Domingo;06:45:00;SP;116;133.9;CACAPAVA;Outras;Colisão com objeto fixo;Com Vítimas Feridas;Pleno dia;Decrescente;Ceu Claro;Dupla;Reta;Rural;1;1
585262;2009-09-21;Segunda;09:24:00;SP;116;158.0;JACAREI;Outras;Derramamento de Carga;Sem Vítimas;Pleno dia;Crescente;Nublado;Dupla;Curva;Urbano;1;1
585405;2009-09-12;Sábado;04:15:00;SP;116;227.0;SAO PAULO;Falta de atenção;Colisão Transversal;Com Vítimas Feridas;Plena noite;Decrescente;Ceu Claro;Múltipla;Reta;Urbano;4;2
585477;2009-09-22;Terça;03:00:00;SP;116;195.0;ARUJA;Falta de atenção;Colisão traseira;Sem Vítimas;Plena noite;Crescente;Nublado;Dupla;Reta;Rural;2;2
585487;2009-09-21;Segunda;14:30:00;SP;116;208.0;GUARULHOS;Outras;Colisão lateral;Sem Vítimas;Pleno dia;Crescente;Chuva;Dupla;Reta;Urbano;2;2