id;data_inversa;dia_semana;horario;uf;br;km;municipio;causa_acidente;tipo_acidente;classificacao_acidente;fase_dia;sentido_via;condicao_metereologica;tipo_pista;tracado_via;uso_solo;pessoas;veiculos
591251;2009-10-01;Quinta;02:25:00;SP;116;122.0;CACAPAVA;Outras;Colisão lateral;Sem Vítimas;Plena noite;Crescente;Nublado;Dupla;Reta;Rural;2;2
591288;2009-09-27;Domingo;17:20:00;SP;116;144.0;SAO JOSE DOS CAMPOS;Outras;Colisão traseira;Sem Vítimas;Pleno dia;Crescente;Ceu Claro;Dupla;Reta;Urbano;3;3
591515;2009-10-01;Quinta;18:59:00;SP;116;138.0;SAO JOSE DOS CAMPOS;Outras;Colisão traseira;Sem Vítimas;Plena noite;Crescente;Ceu Claro;Dupla;Reta;Urbano;2;2
591534;2009-10-03;Sábado;16:45:00;SP;116;153.4;SAO JOSE DOS CAMPOS;Outras;Colisão lateral;Com Vítimas Feridas;Pleno dia;Crescente;Ceu Claro;Dupla;Reta;Urbano;4;3
591540;2009-10-05;Segunda;16:00:00;SP;116;122.2;CACAPAVA;Outras;Colisão com objeto móvel;Sem Vítimas;Plena noite;Decrescente;Ceu Claro;Dupla;Reta;Rural;2;2
591565;2009-10-02;Sexta;16:50:00;SP;116;220.0;GUARULHOS;Outras;Colisão lateral;Com Vítimas Feridas;Pleno dia;Decrescente;Ceu Claro;Múltipla;Reta;Urbano;2;2
591568;2009-10-03;Sábado;19:00:00;SP;116;144.0;SAO JOSE DOS CAMPOS;Outras;Colisão lateral;Sem Vítimas;Plena noite;Crescente;Ceu Claro;Dupla;Reta;Urbano;2;2
591574;2009-10-03;Sábado;02:52:00;SP;116;187.0;SANTA ISABEL;Dormindo;Colisão com objeto fixo;Com Vítimas Fatais;Plena noite;Crescente;Ceu Claro;Dupla;Curva;Rural;1;1
591591;2009-10-02;Sexta;12:15:00;SP;116;148.0;SAO JOSE DOS CAMPOS;Outras;Colisão com objeto móvel;Sem Vítimas;Pleno dia;Crescente;Ceu Claro;Dupla;Reta;Urbano;1;1
591595;2009-10-02;Sexta;10:30:00;SP;116;134.5;SAO JOSE DOS CAMPOS;Outras;Colisão com objeto fixo;Sem Vítimas;Pleno dia;Crescente;Sol;Dupla;Reta;Rural;2;2
591647;2009-10-05;Segunda;14:30:00;SP;116;117.3;TAUBATE;Outras;Colisão traseira;Com Vítimas Feridas;Pleno dia;Decrescente;Sol;Dupla;Reta;Urbano;2;2
591765;2009-10-04;Domingo;18:10:00;SP;116;165.0;JACAREI;Falta de atenção;Colisão traseira;Sem Vítimas;Anoitecer;Crescente;Ceu Claro;Múltipla;Reta;Rural;2;2
591796;2009-10-04;Domingo;00:15:00;SP;116;144.0;SAO JOSE DOS CAMPOS;Ingestão de álcool;Colisão traseira;Sem Vítimas;Plena noite;Crescente;Ceu Claro;Dupla;Reta;Urbano;2;2
591808;2009-10-05;Segunda;15:00:00;SP;116;227.0;GUARULHOS;Outras;Queda de motocicleta / bicicleta / veículo;Com Vítimas Feridas;Pleno dia;Decrescente;Ceu Claro;Múltipla;Reta;Urbano;1;1
591819;2009-10-05;Segunda;21:10:00;SP;116;209.0;GUARULHOS;Outras;Atropelamento de pessoa;Com Vítimas Fatais;Plena noite;Decrescente;Ceu Claro;Múltipla;Reta;Urbano;2;1
591902;2009-10-06;Terça;13:20:00;SP;116;227.0;GUARULHOS;Defeito mecânico em veículo;Colisão traseira;Com Vítimas Feridas;Pleno dia;Decrescente;Ceu Claro;Múltipla;Reta;Urbano;4;3
591970;2009-10-01;Quinta;08:00:00;SP;116;213.0;GUARULHOS;Outras;Colisão lateral;Sem Vítimas;Amanhecer;Decrescente;Ceu Claro;Múltipla;Reta;Urbano;2;2
592170;2009-10-06;Terça;10:30:00;SP;116;228.0;SAO PAULO;Outras;Colisão lateral;Sem Vítimas;Pleno dia;Crescente;Sol;Múltipla;Reta;Urbano;2;2
592196;2009-10-07;Quarta;01:20:00;SP;116;181.5;SANTA ISABEL;Outras;Colisão traseira;Com Vítimas Feridas;Plena noite;Crescente;Chuva;Simples;Reta;Rural;2;2
592249;2009-10-07;Quarta;08:25:00;SP;116;127.0;CACAPAVA;Outras;Colisão lateral;Sem Vítimas;Pleno dia;Decrescente;Ceu Claro;Dupla;Reta;Urbano;2;2
592269;2009-10-05;Segunda;22:10:00;SP;116;144.0;SAO JOSE DOS CAMPOS;Falta de atenção;Queda de motocicleta / bicicleta / veículo;Com Vítimas Feridas;Plena noite;Crescente;Nublado;Dupla;Reta;Urbano;1;1
592368;2009-10-02;Sexta;22:25:00;SP;116;226.0;GUARULHOS;Outras;Colisão traseira;Sem Vítimas;Plena noite;Decrescente;Nublado;Múltipla;Reta;Urbano;2;2
592397;2009-10-02;Sexta;21:00:00;SP;116;224.0;GUARULHOS;Outras;Colisão lateral;Sem Vítimas;Plena noite;Decrescente;Nublado;Múltipla;Reta;Urbano;2;2
592403;2009-10-04;Domingo;01:00:00;SP;116;109.2;TAUBATE;Falta de atenção;Colisão com objeto fixo;Sem Vítimas;Plena noite;Decrescente;Ceu Claro;Dupla;Reta;Urbano;3;3
592466;2009-10-07;Quarta;07:30:00;SP;116;225.0;SAO PAULO;Falta de atenção;Colisão traseira;Sem Vítimas;Pleno dia;Decrescente;Ceu Claro;Múltipla;Reta;Urbano;7;7
592496;2009-10-07;Quarta;05:25:00;SP;116;223.0;GUARULHOS;Outras;Colisão com objeto fixo;Sem Vítimas;Pleno dia;Decrescente;Sol;Múltipla;Reta;Urbano;2;2
592497;2009-10-04;Domingo;19:00:00;SP;116;219.8;GUARULHOS;Falta de atenção;Colisão traseira;Sem Vítimas;Anoitecer;Crescente;Nublado;Múltipla;Reta;Urbano;3;3
592517;2009-10-06;Terça;11:20:00;SP;116;147.5;SAO JOSE DOS CAMPOS;Outras;Colisão lateral;Sem Vítimas;Pleno dia;Crescente;Ceu Claro;Dupla;Reta;Urbano;2;2
592529;2009-10-07;Quarta;08:50:00;SP;116;219.8;GUARULHOS;Outras;Colisão traseira;Sem Vítimas;Pleno dia;Crescente;Sol;Múltipla;Reta;Urbano;2;2
592536;2009-10-07;Quarta;11:30:00;SP;116;227.0;GUARULHOS;Outras;Colisão traseira;Sem Vítimas;Pleno dia;Crescente;Ceu Claro;Múltipla;Reta;Urbano;2;2
592539;2009-10-06;Terça;11:30:00;SP;116;147.0;SAO JOSE DOS CAMPOS;Não guardar distância de segurança;Colisão traseira;Sem Vítimas;Pleno dia;Crescente;Ceu Claro;Dupla;Reta;Urbano;2;2
592549;2009-10-07;Quarta;17:30:00;SP;116;220.0;GUARULHOS;Falta de atenção;Colisão traseira;Sem Vítimas;Anoitecer;Decrescente;Chuva;Múltipla;Reta;Urbano;2;2
592554;2009-10-07;Quarta;12:30:00;SP;116;227.0;GUARULHOS;Outras;Colisão traseira;Sem Vítimas;Pleno dia;Crescente;Ceu Claro;Múltipla;Reta;Urbano;2;2
592625;2009-10-06;Terça;15:30:00;SP;116;144.6;SAO JOSE DOS CAMPOS;Falta de atenção;Colisão traseira;Sem Vítimas;Pleno dia;Crescente;Nublado;Múltipla;Reta;Rural;3;3
592672;2009-10-06;Terça;12:20:00;SP;116;222.4;GUARULHOS;Outras;Capotamento;Com Vítimas Feridas;Pleno dia;Decrescente;Nublado;Múltipla;Reta;Urbano;3;2
592692;2009-10-06;Terça;15:40:00;SP;116;210.0;GUARULHOS;Outras;Colisão traseira;Com Vítimas Feridas;Pleno dia;Decrescente;Ceu Claro;Múltipla;Reta;Urbano;3;3
592722;2009-10-06;Terça;12:10:00;SP;116;155.5;SAO JOSE DOS CAMPOS;Falta de atenção;Colisão traseira;Com Vítimas Feridas;Pleno dia;Decrescente;Ceu Claro;Dupla;Curva;Urbano;2;2
592762;2009-09-28;Segunda;07:50:00;SP;116;135.0;SAO JOSE DOS CAMPOS;Outras;Colisão traseira;Sem Vítimas;Amanhecer;Decrescente;Ceu Claro;Simples;Reta;Rural;2;2
592777;2009-10-08;Quinta;12:00:00;SP;116;165.0;JACAREI;Falta de atenção;Colisão traseira;Sem Vítimas;Pleno dia;Crescente;Chuva;Múltipla;Reta;Rural;2;2
592790;2009-10-06;Terça;18:50:00;SP;116;157.0;SAO JOSE DOS CAMPOS;Outras;Colisão traseira;Sem Vítimas;Plena noite;Decrescente;Ceu Claro;Dupla;Reta;Urbano;2;2
592809;2009-09-29;Terça;06:30:00;SP;116;142.0;SAO JOSE DOS CAMPOS;Outras;Colisão traseira;Sem Vítimas;Amanhecer;Crescente;Ceu Claro;Simples;Reta;Rural;2;2
592839;2009-10-08;Quinta;14:25:00;SP;116;165.5;JACAREI;Defeito mecânico em veículo;Colisão traseira;Sem Vítimas;Pleno dia;Decrescente;Chuva;Múltipla;Reta;Rural;2;2
592920;2009-10-07;Quarta;21:20:00;SP;116;152.0;SAO JOSE DOS CAMPOS;Não guardar distância de segurança;Colisão traseira;Sem Vítimas;Plena noite;Decrescente;Chuva;Múltipla;Reta;Urbano;4;4
592979;2009-10-08;Quinta;18:00:00;SP;116;144.5;SAO JOSE DOS CAMPOS;Falta de atenção;Colisão traseira;Sem Vítimas;Plena noite;Decrescente;Chuva;Dupla;Reta;Urbano;2;2
592991;2009-10-08;Quinta;18:55:00;SP;116;144.5;SAO JOSE DOS CAMPOS;Falta de atenção;Capotamento;Sem Vítimas;Plena noite;Decrescente;Chuva;Dupla;Reta;Urbano;2;2
593065;2009-10-08;Quinta;22:30:00;SP;116;220.0;GUARULHOS;Falta de atenção;Colisão traseira;Sem Vítimas;Plena noite;Decrescente;Chuva;Múltipla;Reta;Urbano;2;2
593093;2009-10-05;Segunda;02:10:00;SP;116;137.0;SAO JOSE DOS CAMPOS;Outras;Capotamento;Sem Vítimas;Plena noite;Decrescente;Nublado;Dupla;Reta;Rural;1;1
593100;2009-10-09;Sexta;01:00:00;SP;116;216.8;GUARULHOS;Falta de atenção;Colisão traseira;Sem Vítimas;Plena noite;Decrescente;Nublado;Múltipla;Reta;Urbano;3;3
593142;2009-10-08;Quinta;19:00:00;SP;116;217.0;GUARULHOS;Falta de atenção;Colisão lateral;Sem Vítimas;Anoitecer;Crescente;Chuva;Múltipla;Reta;Urbano;2;2
593149;2009-10-08;Quinta;08:20:00;SP;116;187.0;SANTA ISABEL;Velocidade incompatível;Colisão traseira;Sem Vítimas;Pleno dia;Crescente;Chuva;Dupla;Reta;Rural;3;3
593152;2009-10-08;Quinta;16:30:00;SP;116;186.0;SANTA ISABEL;Velocidade incompatível;Saída de Pista;Sem Vítimas;Pleno dia;Crescente;Chuva;Múltipla;Reta;Rural;1;1
593197;2009-10-07;Quarta;10:50:00;SP;116;144.0;SAO JOSE DOS CAMPOS;Não guardar distância de segurança;Colisão lateral;Sem Vítimas;Pleno dia;Decrescente;Ceu Claro;Dupla;Reta;Urbano;2;2
593200;2009-10-09;Sexta;08:40:00;SP;116;149.0;SAO JOSE DOS CAMPOS;Outras;Capotamento;Com Vítimas Feridas;Pleno dia;Decrescente;Nublado;Dupla;Reta;Urbano;3;2
593205;2009-10-06;Terça;22:15:00;SP;116;209.5;GUARULHOS;Outras;Colisão traseira;Sem Vítimas;Plena noite;Decrescente;Chuva;Dupla;Reta;Urbano;2;2
593217;2009-10-07;Quarta;14:50:00;SP;116;147.0;SAO JOSE DOS CAMPOS;Outras;Colisão com objeto fixo;Sem Vítimas;Pleno dia;Decrescente;Ceu Claro;Dupla;Reta;Urbano;2;2
593229;2009-10-08;Quinta;20:20:00;SP;116;193.0;SANTA ISABEL;Falta de atenção;Colisão traseira;Sem Vítimas;Plena noite;Crescente;Chuva;Dupla;Reta;Rural;2;2
593239;2009-10-08;Quinta;10:10:00;SP;116;184.0;SANTA ISABEL;Falta de atenção;Colisão traseira;Sem Vítimas;Pleno dia;Crescente;Chuva;Dupla;Reta;Rural;2;2
593244;2009-10-07;Quarta;20:30:00;SP;116;157.0;SAO JOSE DOS CAMPOS;Não guardar distância de segurança;Colisão traseira;Sem Vítimas;Plena noite;Crescente;Chuva;Dupla;Reta;Urbano;3;3
593246;2009-10-08;Quinta;12:10:00;SP;116;181.0;GUARAREMA;Ingestão de álcool;Colisão lateral;Com Vítimas Feridas;Pleno dia;Decrescente;Chuva;Dupla;Reta;Rural;4;2
593250;2009-10-06;Terça;19:30:00;SP;116;155.0;SAO JOSE DOS CAMPOS;Outras;Colisão traseira;Sem Vítimas;Plena noite;Crescente;Ceu Claro;Dupla;Reta;Urbano;3;3
593345;2009-10-07;Quarta;20:30:00;SP;116;157.8;SAO JOSE DOS CAMPOS;Outras;Queda de motocicleta / bicicleta / veículo;Com Vítimas Feridas;Plena noite;Crescente;Chuva;Múltipla;Reta;Urbano;2;1
593382;2009-10-07;Quarta;01:30:00;SP;116;160.0;JACAREI;Outras;Saída de Pista;Sem Vítimas;Plena noite;Decrescente;Chuva;Dupla;Reta;Urbano;2;2
593398;2009-10-05;Segunda;17:10:00;SP;116;209.8;GUARULHOS;Outras;Colisão com objeto móvel;Sem Vítimas;Anoitecer;Crescente;Ceu Claro;Dupla;Reta;Urbano;1;1
593460;2009-10-06;Terça;23:50:00;SP;116;162.0;JACAREI;Outras;Colisão traseira;Sem Vítimas;Plena noite;Crescente;Nublado;Dupla;Reta;Rural;2;2
593595;2009-10-09;Sexta;17:30:00;SP;116;227.0;GUARULHOS;Outras;Colisão lateral;Com Vítimas Feridas;Pleno dia;Decrescente;Nublado;Múltipla;Reta;Urbano;2;2
593597;2009-10-05;Segunda;10:00:00;SP;116;217.0;GUARULHOS;Outras;Colisão traseira;Sem Vítimas;Pleno dia;Crescente;Sol;Múltipla;Reta;Urbano;3;3
593600;2009-10-09;Sexta;15:30:00;SP;116;220.0;GUARULHOS;Outras;Colisão lateral;Sem Vítimas;Pleno dia;Crescente;Nublado;Múltipla;Reta;Urbano;2;2
593607;2009-10-09;Sexta;19:20:00;SP;116;229.0;SAO PAULO;Outras;Colisão lateral;Sem Vítimas;Plena noite;Decrescente;Nublado;Múltipla;Reta;Urbano;2;2
593688;2009-10-05;Segunda;20:00:00;SP;116;225.0;GUARULHOS;Outras;Queda de motocicleta / bicicleta / veículo;Com Vítimas Feridas;Plena noite;Decrescente;Nublado;Múltipla;Reta;Urbano;1;1
593703;2009-10-10;Sábado;06:15:00;SP;116;199.0;ARUJA;Outras;Colisão traseira;Sem Vítimas;Amanhecer;Crescente;Ceu Claro;Dupla;Reta;Urbano;2;2
593731;2009-10-09;Sexta;20:20:00;SP;116;115.6;TAUBATE;Outras;Colisão traseira;Sem Vítimas;Pleno dia;Decrescente;Nublado;Dupla;Reta;Rural;2;2
593845;2009-10-10;Sábado;08:30:00;SP;116;116.0;TAUBATE;Outras;Colisão traseira;Sem Vítimas;Pleno dia;Crescente;Ceu Claro;Dupla;Reta;Urbano;2;2
593892;2009-10-10;Sábado;07:45:00;SP;116;116.0;TAUBATE;Falta de atenção;Colisão traseira;Sem Vítimas;Amanhecer;Decrescente;Nublado;Dupla;Reta;Urbano;2;2
593923;2009-10-10;Sábado;09:20:00;SP;116;117.0;TAUBATE;Não guardar distância de segurança;Colisão traseira;Sem Vítimas;Amanhecer;Decrescente;Nublado;Dupla;Reta;Urbano;2;2
593926;2009-10-10;Sábado;08:15:00;SP;116;162.1;JACAREI;Animais na Pista;Colisão traseira;Com Vítimas Feridas;Pleno dia;Crescente;Nublado;Dupla;Reta;Urbano;2;2
593964;2009-10-06;Terça;19:30:00;SP;116;172.8;JACAREI;Outras;Colisão traseira;Sem Vítimas;Anoitecer;Decrescente;Nublado;Dupla;Reta;Rural;2;2
593995;2009-10-10;Sábado;16:25:00;SP;116;115.0;TAUBATE;Outras;Colisão com objeto fixo;Sem Vítimas;Pleno dia;Crescente;Ceu Claro;Dupla;Reta;Urbano;1;1
594019;2009-10-10;Sábado;15:30:00;SP;116;210.1;GUARULHOS;Outras;Colisão lateral;Sem Vítimas;Pleno dia;Decrescente;Nublado;Múltipla;Reta;Urbano;2;2
594078;2009-10-05;Segunda;19:10:00;SP;116;202.0;ARUJA;Outras;Atropelamento de pessoa;Com Vítimas Fatais;Plena noite;Decrescente;Ceu Claro;Dupla;Reta;Urbano;2;1
594104;2009-10-10;Sábado;07:00:00;SP;116;104.0;TAUBATE;Outras;Colisão traseira;Sem Vítimas;Pleno dia;Decrescente;Sol;Dupla;Reta;Urbano;2;2
594242;2009-10-10;Sábado;20:00:00;SP;116;223.2;GUARULHOS;Outras;Colisão lateral;Sem Vítimas;Plena noite;Decrescente;Nublado;Dupla;Reta;Urbano;2;2
594339;2009-10-11;Domingo;08:20:00;SP;116;205.5;GUARULHOS;Outras;Queda de motocicleta / bicicleta / veículo;Com Vítimas Feridas;Pleno dia;Crescente;Ceu Claro;Múltipla;Reta;Urbano;2;1
594435;2009-10-11;Domingo;15:25:00;SP;116;195.5;ARUJA;Falta de atenção;Colisão traseira;Sem Vítimas;Pleno dia;Crescente;Ceu Claro;Dupla;Reta;Urbano;3;3
594496;2009-10-08;Quinta;17:00:00;SP;116;222.3;GUARULHOS;Falta de atenção;Colisão lateral;Com Vítimas Feridas;Pleno dia;Crescente;Chuva;Múltipla;Reta;Urbano;2;2
594514;2009-10-09;Sexta;05:45:00;SP;116;221.7;GUARULHOS;Falta de atenção;Queda de motocicleta / bicicleta / veículo;Com Vítimas Feridas;Amanhecer;Crescente;Nublado;Múltipla;Reta;Urbano;1;1
594571;2009-10-11;Domingo;15:35:00;SP;116;215.6;GUARULHOS;Defeito mecânico em veículo;Colisão traseira;Com Vítimas Feridas;Pleno dia;Crescente;Ceu Claro;Múltipla;Reta;Urbano;2;2
594599;2009-10-11;Domingo;19:40:00;SP;116;220.0;GUARULHOS;Outras;Colisão traseira;Sem Vítimas;Plena noite;Decrescente;Ceu Claro;Múltipla;Reta;Urbano;4;4
594875;2009-10-12;Segunda;15:20:00;SP;116;176.0;GUARAREMA;Falta de atenção;Colisão lateral;Sem Vítimas;Pleno dia;Crescente;Chuva;Dupla;Reta;Rural;2;2
594892;2009-10-09;Sexta;04:20:00;SP;116;213.2;GUARULHOS;Falta de atenção;Colisão com objeto fixo;Sem Vítimas;Plena noite;Decrescente;Chuva;Múltipla;Reta;Urbano;1;1
594945;2009-10-11;Domingo;14:40:00;SP;116;190.5;SANTA ISABEL;Outras;Atropelamento de pessoa;Com Vítimas Feridas;Pleno dia;Decrescente;Sol;Dupla;Reta;Rural;2;1
594967;2009-10-09;Sexta;11:20:00;SP;116;165.0;JACAREI;Outras;Colisão traseira;Sem Vítimas;Pleno dia;Decrescente;Sol;Dupla;Reta;Rural;2;2
594996;2009-10-09;Sexta;10:46:00;SP;116;149.0;SAO JOSE DOS CAMPOS;Falta de atenção;Colisão traseira;Sem Vítimas;Pleno dia;Decrescente;Sol;Dupla;Reta;Urbano;3;3
595002;2009-10-05;Segunda;17:30:00;SP;116;224.0;GUARULHOS;Outras;Colisão traseira;Sem Vítimas;Pleno dia;Decrescente;Ceu Claro;Múltipla;Reta;Urbano;2;2
595009;2009-10-05;Segunda;07:20:00;SP;116;227.0;GUARULHOS;Outras;Colisão traseira;Sem Vítimas;Pleno dia;Crescente;Ceu Claro;Múltipla;Reta;Urbano;3;3
595022;2009-10-09;Sexta;20:15:00;SP;116;227.0;GUARULHOS;Outras;Tombamento;Sem Vítimas;Plena noite;Decrescente;Ceu Claro;Múltipla;Reta;Urbano;1;1
595024;2009-10-09;Sexta;15:10:00;SP;116;146.0;SAO JOSE DOS CAMPOS;Não guardar distância de segurança;Colisão traseira;Sem Vítimas;Pleno dia;Crescente;Sol;Dupla;Reta;Urbano;2;2
595032;2009-10-09;Sexta;06:45:00;SP;116;227.1;GUARULHOS;Falta de atenção;Derramamento de Carga;Sem Vítimas;Pleno dia;Decrescente;Ceu Claro;Simples;Curva;Urbano;1;1
595049;2009-10-02;Sexta;21:00:00;SP;116;173.4;GUARAREMA;Outras;Colisão frontal;Sem Vítimas;Plena noite;Crescente;Ceu Claro;Dupla;Reta;Rural;2;2
595054;2009-10-08;Quinta;03:49:00;SP;116;178.9;GUARAREMA;Falta de atenção;Colisão com objeto fixo;Sem Vítimas;Plena noite;Crescente;Chuva;Dupla;Reta;Rural;1;1
595070;2009-10-09;Sexta;18:15:00;SP;116;161.0;JACAREI;Não guardar distância de segurança;Colisão traseira;Sem Vítimas;Plena noite;Decrescente;Nublado;Dupla;Reta;Urbano;8;8
595115;2009-10-08;Quinta;08:00:00;SP;116;129.0;CACAPAVA;Outras;Colisão com objeto fixo;Sem Vítimas;Pleno dia;Crescente;Chuva;Simples;Reta;Rural;2;2
595123;2009-10-12;Segunda;16:00:00;SP;116;146.0;SAO JOSE DOS CAMPOS;Não guardar distância de segurança;Colisão traseira;Sem Vítimas;Pleno dia;Crescente;Nublado;Dupla;Reta;Urbano;2;2
595193;2009-10-12;Segunda;19:30:00;SP;116;104.0;TAUBATE;Outras;Colisão traseira;Sem Vítimas;Plena noite;Crescente;Ceu Claro;Múltipla;Reta;Rural;2;2
595249;2009-10-07;Quarta;04:40:00;SP;116;183.0;SANTA ISABEL;Outras;Colisão traseira;Sem Vítimas;Amanhecer;Crescente;Nublado;Dupla;Reta;Rural;2;2
595271;2009-10-10;Sábado;11:30:00;SP;116;145.0;SAO JOSE DOS CAMPOS;Outras;Colisão traseira;Sem Vítimas;Pleno dia;Crescente;Ceu Claro;Dupla;Reta;Urbano;4;4
595312;2009-10-13;Terça;04:30:00;SP;116;226.0;GUARULHOS;Falta de atenção;Colisão traseira;Com Vítimas Feridas;Plena noite;Crescente;Nublado;Dupla;Reta;Urbano;2;2
595314;2009-10-09;Sexta;18:00:00;SP;116;110.8;TAUBATE;Outras;Colisão traseira;Sem Vítimas;Plena noite;Decrescente;Ceu Claro;Múltipla;Reta;Urbano;2;2
595338;2009-10-11;Domingo;05:05:00;SP;116;220.8;GUARULHOS;Outras;Queda de motocicleta / bicicleta / veículo;Com Vítimas Feridas;Amanhecer;Decrescente;Nublado;Múltipla;Reta;Urbano;2;1
595358;2009-10-11;Domingo;01:10:00;SP;116;217.0;GUARULHOS;Falta de atenção;Colisão traseira;Com Vítimas Feridas;Plena noite;Crescente;Nublado;Múltipla;Reta;Urbano;3;2
595369;2009-10-11;Domingo;14:15:00;SP;116;102.9;PINDAMONHANGABA;Outras;Capotamento;Com Vítimas Feridas;Pleno dia;Crescente;Ceu Claro;Dupla;Reta;Rural;1;1
595540;2009-10-12;Segunda;18:45:00;SP;116;112.0;TAUBATE;Outras;Colisão lateral;Com Vítimas Feridas;Plena noite;Crescente;Nublado;Dupla;Reta;Urbano;4;3
595560;2009-10-09;Sexta;07:30:00;SP;116;213.0;GUARULHOS;Outras;Colisão lateral;Com Vítimas Feridas;Pleno dia;Crescente;Ceu Claro;Múltipla;Reta;Urbano;4;3
595593;2009-10-09;Sexta;21:20:00;SP;116;203.5;ARUJA;Outras;Colisão traseira;Sem Vítimas;Plena noite;Decrescente;Ceu Claro;Múltipla;Reta;Urbano;3;3
595625;2009-10-13;Terça;19:00:00;SP;116;113.2;TAUBATE;Outras;Tombamento;Sem Vítimas;Plena noite;Decrescente;Nublado;Dupla;Reta;Urbano;1;1
595639;2009-10-10;Sábado;13:20:00;SP;116;157.0;SAO JOSE DOS CAMPOS;Outras;Colisão traseira;Sem Vítimas;Pleno dia;Decrescente;Ceu Claro;Dupla;Reta;Urbano;2;2
595657;2009-10-12;Segunda;09:10:00;SP;116;180.0;GUARAREMA;Não guardar distância de segurança;Colisão traseira;Sem Vítimas;Pleno dia;Crescente;Ceu Claro;Dupla;Reta;Urbano;2;2
595702;2009-10-13;Terça;20:30:00;SP;116;166.1;JACAREI;Falta de atenção;Colisão traseira;Sem Vítimas;Plena noite;Decrescente;Ceu Claro;Dupla;Reta;Rural;2;2
595782;2009-10-12;Segunda;19:20:00;SP;116;102.0;PINDAMONHANGABA;Outras;Colisão traseira;Com Vítimas Feridas;Plena noite;Crescente;Ceu Claro;Dupla;Reta;Urbano;2;2
595855;2009-10-12;Segunda;18:25:00;SP;116;145.8;SAO JOSE DOS CAMPOS;Não guardar distância de segurança;Colisão traseira;Sem Vítimas;Anoitecer;Crescente;Nublado;Dupla;Reta;Urbano;4;4
595880;2009-10-12;Segunda;15:30:00;SP;116;180.3;GUARAREMA;Falta de atenção;Colisão lateral;Com Vítimas Feridas;Pleno dia;Decrescente;Sol;Dupla;Reta;Urbano;2;2
595965;2009-10-14;Quarta;12:40:00;SP;116;228.0;SAO PAULO;Falta de atenção;Colisão lateral;Sem Vítimas;Pleno dia;Crescente;Sol;Múltipla;Reta;Urbano;2;2
595989;2009-10-12;Segunda;17:00:00;SP;116;106.1;TAUBATE;Outras;Colisão traseira;Sem Vítimas;Pleno dia;Crescente;Nublado;Dupla;Reta;Urbano;3;3
596015;2009-10-13;Terça;06:30:00;SP;116;186.0;SANTA ISABEL;Falta de atenção;Colisão lateral;Sem Vítimas;Pleno dia;Decrescente;Sol;Simples;Cruzamento;Urbano;2;2
596034;2009-10-11;Domingo;21:30:00;SP;116;141.5;SAO JOSE DOS CAMPOS;Outras;Capotamento;Com Vítimas Fatais;Plena noite;Decrescente;Ceu Claro;Dupla;Reta;Urbano;7;1
596099;2009-10-10;Sábado;15:00:00;SP;116;167.0;JACAREI;Não guardar distância de segurança;Colisão traseira;Com Vítimas Feridas;Pleno dia;Crescente;Ceu Claro;Dupla;Reta;Rural;3;3
596424;2009-10-13;Terça;18:20:00;SP;116;174.0;JACAREI;Outras;Colisão lateral;Sem Vítimas;Plena noite;Crescente;Nublado;Dupla;Reta;Rural;2;2
596451;2009-10-14;Quarta;03:20:00;SP;116;188.0;SANTA ISABEL;Outras;Tombamento;Sem Vítimas;Plena noite;Decrescente;Nublado;Dupla;Reta;Rural;1;1
596579;2009-10-15;Quinta;05:41:00;SP;116;226.0;GUARULHOS;Outras;Colisão lateral;Sem Vítimas;Plena noite;Crescente;Ceu Claro;Múltipla;Reta;Urbano;2;2
596615;2009-10-14;Quarta;17:30:00;SP;116;225.0;GUARULHOS;Outras;Colisão traseira;Com Vítimas Feridas;Pleno dia;Decrescente;Nublado;Múltipla;Reta;Urbano;3;2
596634;2009-10-15;Quinta;19:30:00;SP;116;219.0;GUARULHOS;Falta de atenção;Colisão lateral;Sem Vítimas;Plena noite;Crescente;Ceu Claro;Múltipla;Reta;Urbano;2;2
596640;2009-10-15;Quinta;20:30:00;SP;116;219.0;GUARULHOS;Outras;Queda de motocicleta / bicicleta / veículo;Com Vítimas Feridas;Plena noite;Decrescente;Ceu Claro;Múltipla;Reta;Urbano;1;1
596761;2009-10-14;Quarta;09:00:00;SP;116;150.0;SAO JOSE DOS CAMPOS;Outras;Colisão frontal;Sem Vítimas;Pleno dia;Crescente;Ceu Claro;Dupla;Reta;Urbano;2;2
596776;2009-10-14;Quarta;22:00:00;SP;116;155.3;SAO JOSE DOS CAMPOS;Outras;Colisão com objeto fixo;Sem Vítimas;Plena noite;Crescente;Ceu Claro;Dupla;Reta;Urbano;1;1
596786;2009-10-15;Quinta;03:30:00;SP;116;151.6;SAO JOSE DOS CAMPOS;Outras;Colisão com objeto fixo;Sem Vítimas;Plena noite;Decrescente;Ceu Claro;Dupla;Reta;Urbano;2;2
596853;2009-10-10;Sábado;10:12:00;SP;116;102.8;PINDAMONHANGABA;Não guardar distância de segurança;Colisão traseira;Sem Vítimas;Pleno dia;Decrescente;Ceu Claro;Dupla;Reta;Rural;2;2
596859;2009-10-02;Sexta;04:50:00;SP;116;147.0;SAO JOSE DOS CAMPOS;Outras;Colisão traseira;Sem Vítimas;Plena noite;Decrescente;Ceu Claro;Dupla;Reta;Urbano;2;2
596889;2009-10-09;Sexta;09:45:00;SP;116;149.0;SAO JOSE DOS CAMPOS;Outras;Colisão traseira;Sem Vítimas;Pleno dia;Decrescente;Ceu Claro;Dupla;Reta;Urbano;3;3