id;data_inversa;dia_semana;horario;uf;br;km;municipio;causa_acidente;tipo_acidente;classificacao_acidente;fase_dia;sentido_via;condicao_metereologica;tipo_pista;tracado_via;uso_solo;pessoas;veiculos
596907;2009-10-09;Sexta;17:20:00;SP;116;156.0;SAO JOSE DOS CAMPOS;Não guardar distância de segurança;Colisão traseira;Sem Vítimas;Pleno dia;Decrescente;Nublado;Dupla;Reta;Urbano;3;3
596934;2009-10-14;Quarta;07:00:00;SP;116;219.0;GUARULHOS;Outras;Colisão traseira;Sem Vítimas;Plena noite;Decrescente;Ceu Claro;Múltipla;Reta;Urbano;3;3
596936;2009-10-01;Quinta;11:30:00;SP;116;180.5;GUARAREMA;Outras;Colisão com objeto fixo;Sem Vítimas;Pleno dia;Crescente;Ceu Claro;Múltipla;Reta;Rural;1;1
597016;2009-10-10;Sábado;01:00:00;SP;116;157.0;SAO JOSE DOS CAMPOS;Não guardar distância de segurança;Colisão traseira;Sem Vítimas;Plena noite;Crescente;Ceu Claro;Dupla;Reta;Urbano;2;2
597027;2009-10-14;Quarta;03:00:00;SP;116;146.0;SAO JOSE DOS CAMPOS;Outras;Colisão com objeto fixo;Sem Vítimas;Plena noite;Crescente;Ceu Claro;Dupla;Reta;Urbano;1;1
597139;2009-10-16;Sexta;03:45:00;SP;116;156.8;SAO JOSE DOS CAMPOS;Outras;Colisão traseira;Com Vítimas Feridas;Amanhecer;Crescente;Ceu Claro;Múltipla;Reta;Urbano;2;2
597144;2009-10-16;Sexta;19:05:00;SP;116;157.0;SAO JOSE DOS CAMPOS;Outras;Danos Eventuais;Sem Vítimas;Plena noite;Decrescente;Nublado;Dupla;Reta;Urbano;2;2
597151;2009-10-16;Sexta;06:45:00;SP;116;155.8;SAO JOSE DOS CAMPOS;Falta de atenção;Colisão lateral;Com Vítimas Feridas;Plena noite;Decrescente;Ceu Claro;Simples;Reta;Urbano;2;2
597175;2009-10-15;Quinta;10:30:00;SP;116;147.0;SAO JOSE DOS CAMPOS;Outras;Colisão traseira;Sem Vítimas;Pleno dia;Decrescente;Chuva;Dupla;Reta;Urbano;2;2
597262;2009-10-16;Sexta;20:00:00;SP;116;191.0;SANTA ISABEL;Outras;Colisão frontal;Sem Vítimas;Plena noite;Decrescente;Nublado;Dupla;Reta;Rural;2;2
597303;2009-10-16;Sexta;12:40:00;SP;116;212.8;GUARULHOS;Outras;Colisão com objeto fixo;Sem Vítimas;Pleno dia;Crescente;Ceu Claro;Dupla;Reta;Urbano;1;1
597309;2009-10-16;Sexta;16:15:00;SP;116;211.0;GUARULHOS;Falta de atenção;Colisão lateral;Sem Vítimas;Pleno dia;Decrescente;Ceu Claro;Múltipla;Reta;Urbano;2;2
597330;2009-10-16;Sexta;04:20:00;SP;116;173.2;GUARAREMA;Outras;Colisão lateral;Sem Vítimas;Plena noite;Crescente;Nublado;Dupla;Reta;Rural;3;3
597375;2009-10-17;Sábado;07:45:00;SP;116;215.0;GUARULHOS;Outras;Colisão com objeto fixo;Sem Vítimas;Pleno dia;Decrescente;Chuva;Múltipla;Reta;Urbano;1;1
597387;2009-10-16;Sexta;02:40:00;SP;116;172.5;JACAREI;Outras;Colisão traseira;Sem Vítimas;Plena noite;Decrescente;Nublado;Dupla;Reta;Rural;2;2
597402;2009-10-13;Terça;09:40:00;SP;116;216.5;GUARULHOS;Outras;Colisão traseira;Com Vítimas Feridas;Pleno dia;Crescente;Nublado;Múltipla;Reta;Urbano;3;3
597423;2009-10-17;Sábado;09:50:00;SP;116;176.2;GUARAREMA;Outras;Saída de Pista;Sem Vítimas;Pleno dia;Decrescente;Chuva;Dupla;Reta;Rural;2;2
597437;2009-10-17;Sábado;12:40:00;SP;116;201.0;ARUJA;Falta de atenção;Colisão traseira;Sem Vítimas;Pleno dia;Decrescente;Chuva;Dupla;Reta;Urbano;3;3
597488;2009-10-17;Sábado;13:10:00;SP;116;173.4;JACAREI;Outras;Colisão com objeto fixo;Sem Vítimas;Pleno dia;Crescente;Chuva;Dupla;Reta;Rural;1;1
597496;2009-10-15;Quinta;16:40:00;SP;116;197.0;ARUJA;Falta de atenção;Colisão traseira;Com Vítimas Feridas;Pleno dia;Crescente;Nublado;Dupla;Reta;Rural;3;3
597505;2009-10-13;Terça;19:25:00;SP;116;226.0;GUARULHOS;Outras;Colisão lateral;Sem Vítimas;Plena noite;Decrescente;Nublado;Múltipla;Reta;Urbano;2;2
597546;2009-10-17;Sábado;15:10:00;SP;116;214.0;GUARULHOS;Outras;Colisão lateral;Sem Vítimas;Pleno dia;Decrescente;Chuva;Múltipla;Reta;Urbano;2;2
597577;2009-10-17;Sábado;12:40:00;SP;116;178.0;GUARAREMA;Outras;Colisão traseira;Sem Vítimas;Pleno dia;Crescente;Chuva;Dupla;Curva;Rural;2;2
597591;2009-10-17;Sábado;13:10:00;SP;116;177.7;GUARAREMA;Outras;Colisão com objeto fixo;Com Vítimas Fatais;Pleno dia;Crescente;Chuva;Dupla;Reta;Rural;1;1
597605;2009-10-16;Sexta;11:50:00;SP;116;218.8;GUARULHOS;Falta de atenção;Colisão traseira;Sem Vítimas;Pleno dia;Crescente;Sol;Múltipla;Reta;Urbano;2;2
597612;2009-09-28;Segunda;17:00:00;SP;116;155.5;SAO JOSE DOS CAMPOS;Outras;Colisão traseira;Sem Vítimas;Pleno dia;Crescente;Chuva;Dupla;Reta;Urbano;2;2
597625;2009-10-17;Sábado;13:10:00;SP;116;155.0;SAO JOSE DOS CAMPOS;Outras;Colisão traseira;Sem Vítimas;Pleno dia;Crescente;Chuva;Dupla;Reta;Urbano;2;2
597632;2009-10-17;Sábado;03:35:00;SP;116;217.1;GUARULHOS;Falta de atenção;Colisão lateral;Sem Vítimas;Plena noite;Decrescente;Nevoeiro/neblina;Múltipla;Reta;Urbano;2;2
597639;2009-10-17;Sábado;19:40:00;SP;116;212.7;GUARULHOS;Outras;Colisão traseira;Sem Vítimas;Plena noite;Decrescente;Ceu Claro;Múltipla;Reta;Urbano;2;2
597675;2009-10-17;Sábado;21:00:00;SP;116;206.0;GUARULHOS;Outras;Colisão com objeto fixo;Sem Vítimas;Plena noite;Crescente;Nublado;Múltipla;Reta;Urbano;1;1
597733;2009-10-17;Sábado;16:02:00;SP;116;142.0;SAO JOSE DOS CAMPOS;Outras;Colisão com objeto fixo;Com Vítimas Feridas;Pleno dia;Decrescente;Chuva;Dupla;Reta;Urbano;3;1
597765;2009-10-18;Domingo;02:30:00;SP;116;102.0;PINDAMONHANGABA;Outras;Colisão com objeto fixo;Sem Vítimas;Plena noite;Decrescente;Chuva;Dupla;Reta;Rural;1;1
597796;2009-10-18;Domingo;03:00:00;SP;116;122.0;CACAPAVA;Outras;Colisão traseira;Sem Vítimas;Plena noite;Crescente;Chuva;Dupla;Reta;Rural;2;2
597971;2009-10-13;Terça;11:20:00;SP;116;228.0;SAO PAULO;Outras;Colisão lateral;Sem Vítimas;Pleno dia;Crescente;Ceu Claro;Múltipla;Reta;Urbano;2;2
598037;2009-10-16;Sexta;17:20:00;SP;116;218.8;GUARULHOS;Falta de atenção;Colisão traseira;Com Vítimas Feridas;Anoitecer;Crescente;Nublado;Dupla;Reta;Urbano;2;2
598191;2009-10-17;Sábado;11:50:00;SP;116;195.5;ARUJA;Outras;Colisão com objeto fixo;Sem Vítimas;Pleno dia;Decrescente;Chuva;Múltipla;Reta;Urbano;1;1
598227;2009-10-19;Segunda;10:00:00;SP;116;220.0;GUARULHOS;Outras;Colisão traseira;Sem Vítimas;Pleno dia;Crescente;Ceu Claro;Múltipla;Reta;Urbano;2;2
598308;2009-10-16;Sexta;19:15:00;SP;116;156.0;SAO JOSE DOS CAMPOS;Outras;Colisão traseira;Sem Vítimas;Plena noite;Decrescente;Nublado;Dupla;Reta;Urbano;2;2
598396;2009-10-18;Domingo;02:50:00;SP;116;142.0;SAO JOSE DOS CAMPOS;Outras;Colisão traseira;Com Vítimas Feridas;Plena noite;Decrescente;Nublado;Dupla;Reta;Rural;3;2
598398;2009-10-16;Sexta;06:50:00;SP;116;217.0;GUARULHOS;Outras;Colisão Transversal;Com Vítimas Feridas;Amanhecer;Crescente;Nublado;Múltipla;Reta;Urbano;3;2
598472;2009-10-19;Segunda;06:35:00;SP;116;207.0;GUARULHOS;Outras;Colisão traseira;Sem Vítimas;Anoitecer;Crescente;Chuva;Dupla;Reta;Urbano;2;2
598499;2009-10-18;Domingo;15:15:00;SP;116;224.0;GUARULHOS;Outras;Colisão traseira;Sem Vítimas;Pleno dia;Decrescente;Ceu Claro;Múltipla;Reta;Urbano;2;2
598515;2009-10-19;Segunda;17:05:00;SP;116;193.0;SANTA ISABEL;Outras;Danos Eventuais;Sem Vítimas;Pleno dia;Crescente;Chuva;Dupla;Reta;Rural;1;1
598531;2009-10-18;Domingo;18:30:00;SP;116;185.7;SANTA ISABEL;Animais na Pista;Atropelamento de animal;Sem Vítimas;Anoitecer;Decrescente;Ceu Claro;Dupla;Reta;Rural;1;1
598538;2009-10-12;Segunda;08:00:00;SP;116;227.0;GUARULHOS;Falta de atenção;Colisão traseira;Sem Vítimas;Pleno dia;Decrescente;Ceu Claro;Múltipla;Reta;Urbano;3;3
598555;2009-10-19;Segunda;20:00:00;SP;116;223.0;GUARULHOS;Outras;Colisão lateral;Sem Vítimas;Plena noite;Decrescente;Chuva;Múltipla;Reta;Urbano;2;2
598612;2009-10-17;Sábado;01:00:00;SP;116;134.0;CACAPAVA;Outras;Colisão lateral;Sem Vítimas;Plena noite;Decrescente;Ceu Claro;Dupla;Reta;Rural;2;2
598704;2009-08-30;Domingo;19:40:00;SP;116;203.0;GUARULHOS;Falta de atenção;Colisão traseira;Sem Vítimas;Plena noite;Crescente;Ceu Claro;Dupla;Reta;Rural;3;3
598756;2009-10-19;Segunda;12:45:00;SP;116;144.5;SAO JOSE DOS CAMPOS;Outras;Capotamento;Com Vítimas Feridas;Pleno dia;Decrescente;Ceu Claro;Dupla;Reta;Urbano;1;1
598772;2009-10-20;Terça;05:00:00;SP;116;162.7;JACAREI;Outras;Colisão com objeto fixo;Sem Vítimas;Plena noite;Decrescente;Ceu Claro;Dupla;Reta;Urbano;1;1
598788;2009-10-20;Terça;15:40:00;SP;116;210.0;GUARULHOS;Outras;Derramamento de Carga;Sem Vítimas;Pleno dia;Decrescente;Sol;Dupla;Reta;Urbano;2;2
598806;2009-10-18;Domingo;06:55:00;SP;116;223.0;GUARULHOS;Outras;Colisão com objeto fixo;Com Vítimas Feridas;Pleno dia;Crescente;Chuva;Múltipla;Reta;Urbano;1;1
598823;2009-10-18;Domingo;14:40:00;SP;116;177.5;GUARAREMA;Velocidade incompatível;Colisão com objeto fixo;Sem Vítimas;Pleno dia;Crescente;Chuva;Dupla;Curva;Rural;1;1
598903;2009-10-20;Terça;14:55:00;SP;116;156.6;SAO JOSE DOS CAMPOS;Desobediência à sinalização;Colisão com bicicleta;Sem Vítimas;Pleno dia;Crescente;Ceu Claro;Dupla;Reta;Urbano;2;2
598927;2009-10-20;Terça;17:40:00;SP;116;155.0;SAO JOSE DOS CAMPOS;Outras;Colisão traseira;Sem Vítimas;Pleno dia;Decrescente;Sol;Dupla;Reta;Urbano;3;3
598963;2009-10-18;Domingo;06:55:00;SP;116;225.0;GUARULHOS;Outras;Colisão com objeto fixo;Sem Vítimas;Pleno dia;Crescente;Chuva;Múltipla;Reta;Urbano;1;1
598968;2009-10-20;Terça;18:40:00;SP;116;155.0;SAO JOSE DOS CAMPOS;Outras;Colisão traseira;Sem Vítimas;Pleno dia;Crescente;Ceu Claro;Dupla;Reta;Urbano;2;2
598990;2009-10-20;Terça;12:00:00;SP;116;146.0;SAO JOSE DOS CAMPOS;Outras;Colisão traseira;Sem Vítimas;Pleno dia;Decrescente;Ceu Claro;Dupla;Reta;Urbano;4;4
599015;2009-10-20;Terça;18:01:00;SP;116;146.0;SAO JOSE DOS CAMPOS;Falta de atenção;Colisão traseira;Com Vítimas Feridas;Pleno dia;Decrescente;Ceu Claro;Dupla;Reta;Urbano;2;2
599124;2009-10-19;Segunda;16:15:00;SP;116;215.0;GUARULHOS;Outras;Colisão traseira;Sem Vítimas;Pleno dia;Crescente;Chuva;Múltipla;Reta;Urbano;2;2
599148;2009-10-20;Terça;20:00:00;SP;116;215.3;GUARULHOS;Falta de atenção;Colisão traseira;Com Vítimas Feridas;Plena noite;Crescente;Nublado;Múltipla;Reta;Urbano;2;2
599190;2009-10-21;Quarta;08:45:00;SP;116;110.4;TAUBATE;Outras;Colisão com objeto fixo;Sem Vítimas;Pleno dia;Decrescente;Ceu Claro;Dupla;Reta;Urbano;1;1
599233;2009-10-20;Terça;23:30:00;SP;116;224.3;GUARULHOS;Falta de atenção;Colisão traseira;Com Vítimas Feridas;Plena noite;Decrescente;Nublado;Múltipla;Reta;Urbano;2;2
599294;2009-10-10;Sábado;05:20:00;SP;116;180.0;GUARAREMA;Defeito mecânico em veículo;Colisão traseira;Sem Vítimas;Amanhecer;Crescente;Ceu Claro;Múltipla;Reta;Rural;3;3
599304;2009-10-21;Quarta;05:00:00;SP;116;169.0;JACAREI;Outras;Colisão com objeto fixo;Com Vítimas Feridas;Pleno dia;Crescente;Ceu Claro;Dupla;Reta;Urbano;2;2
599338;2009-10-14;Quarta;18:45:00;SP;116;207.0;GUARULHOS;Outras;Atropelamento de animal;Com Vítimas Feridas;Plena noite;Decrescente;Nublado;Múltipla;Reta;Urbano;1;1
599352;2009-10-19;Segunda;07:00:00;SP;116;227.0;GUARULHOS;Outras;Colisão traseira;Sem Vítimas;Amanhecer;Crescente;Nublado;Múltipla;Reta;Urbano;2;2
599381;2009-10-19;Segunda;18:40:00;SP;116;225.0;GUARULHOS;Outras;Colisão traseira;Sem Vítimas;Pleno dia;Decrescente;Nublado;Múltipla;Reta;Urbano;3;3
599395;2009-10-20;Terça;06:40:00;SP;116;228.0;SAO PAULO;Outras;Colisão traseira;Sem Vítimas;Pleno dia;Crescente;Ceu Claro;Múltipla;Reta;Urbano;2;2
599404;2009-10-16;Sexta;21:45:00;SP;116;221.0;GUARULHOS;Outras;Colisão traseira;Sem Vítimas;Plena noite;Decrescente;Ceu Claro;Múltipla;Reta;Urbano;2;2
599481;2009-10-18;Domingo;06:36:00;SP;116;114.6;TAUBATE;Outras;Colisão com objeto fixo;Sem Vítimas;Amanhecer;Crescente;Chuva;Dupla;Reta;Urbano;1;1
599546;2009-10-20;Terça;19:00:00;SP;116;229.8;SAO PAULO;Falta de atenção;Colisão traseira;Com Vítimas Feridas;Anoitecer;Crescente;Ceu Claro;Múltipla;Reta;Urbano;2;2
599568;2009-10-21;Quarta;07:00:00;SP;116;221.0;GUARULHOS;Falta de atenção;Colisão traseira;Com Vítimas Feridas;Amanhecer;Crescente;Ceu Claro;Dupla;Reta;Urbano;2;2
599600;2009-10-13;Terça;00:05:00;SP;116;179.0;GUARAREMA;Outras;Atropelamento de pessoa;Com Vítimas Fatais;Plena noite;Crescente;Ceu Claro;Dupla;Reta;Rural;2;1
599601;2009-10-20;Terça;16:15:00;SP;116;229.0;SAO PAULO;Falta de atenção;Colisão traseira;Sem Vítimas;Pleno dia;Crescente;Sol;Múltipla;Reta;Urbano;2;2
599739;2009-10-21;Quarta;16:50:00;SP;116;144.8;SAO JOSE DOS CAMPOS;Falta de atenção;Colisão traseira;Sem Vítimas;Pleno dia;Crescente;Sol;Dupla;Reta;Urbano;3;3
599760;2009-10-21;Quarta;00:30:00;SP;116;168.0;JACAREI;Outras;Colisão traseira;Sem Vítimas;Plena noite;Decrescente;Nublado;Dupla;Reta;Rural;2;2
599836;2009-10-17;Sábado;13:30:00;SP;116;225.0;GUARULHOS;Outras;Colisão lateral;Sem Vítimas;Pleno dia;Crescente;Chuva;Múltipla;Reta;Urbano;2;2
599854;2009-10-22;Quinta;02:00:00;SP;116;225.0;GUARULHOS;Animais na Pista;Colisão traseira;Com Vítimas Feridas;Plena noite;Crescente;Ceu Claro;Múltipla;Reta;Urbano;3;2
600044;2009-10-22;Quinta;06:40:00;SP;116;144.0;SAO JOSE DOS CAMPOS;Não guardar distância de segurança;Colisão traseira;Sem Vítimas;Pleno dia;Crescente;Chuva;Dupla;Reta;Urbano;2;2
600069;2009-10-20;Terça;18:30:00;SP;116;143.0;SAO JOSE DOS CAMPOS;Não guardar distância de segurança;Colisão traseira;Sem Vítimas;Pleno dia;Crescente;Ceu Claro;Dupla;Reta;Urbano;3;3
600091;2009-10-18;Domingo;23:10:00;SP;116;184.5;SANTA ISABEL;Dormindo;Colisão lateral;Sem Vítimas;Plena noite;Decrescente;Nublado;Dupla;Reta;Rural;2;2
600291;2009-10-22;Quinta;06:40:00;SP;116;228.0;SAO PAULO;Outras;Colisão lateral;Sem Vítimas;Amanhecer;Crescente;Chuva;Múltipla;Reta;Urbano;3;3
600299;2009-10-20;Terça;00:30:00;SP;116;101.0;PINDAMONHANGABA;Falta de atenção;Colisão lateral;Sem Vítimas;Plena noite;Crescente;Nublado;Dupla;Reta;Rural;2;2
600359;2009-10-23;Sexta;08:00:00;SP;116;226.0;GUARULHOS;Outras;Colisão lateral;Sem Vítimas;Pleno dia;Crescente;Ceu Claro;Múltipla;Reta;Urbano;2;2
600553;2009-10-22;Quinta;08:00:00;SP;116;225.0;GUARULHOS;Outras;Colisão traseira;Sem Vítimas;Pleno dia;Crescente;Nublado;Múltipla;Reta;Urbano;3;3
600684;2009-10-19;Segunda;16:15:00;SP;116;132.0;CACAPAVA;Outras;Colisão traseira;Sem Vítimas;Pleno dia;Crescente;Nublado;Dupla;Reta;Urbano;3;3
600699;2009-10-24;Sábado;09:40:00;SP;116;102.0;PINDAMONHANGABA;Outras;Colisão lateral;Sem Vítimas;Pleno dia;Crescente;Sol;Dupla;Reta;Rural;2;2
600722;2009-10-22;Quinta;06:40:00;SP;116;204.0;ARUJA;Outras;Colisão com objeto fixo;Sem Vítimas;Amanhecer;Decrescente;Ceu Claro;Dupla;Reta;Urbano;1;1
600727;2009-10-19;Segunda;17:00:00;SP;116;117.0;TAUBATE;Outras;Colisão lateral;Sem Vítimas;Pleno dia;Crescente;Chuva;Dupla;Reta;Urbano;2;2
600742;2009-10-24;Sábado;10:00:00;SP;116;143.0;SAO JOSE DOS CAMPOS;Outras;Queda de motocicleta / bicicleta / veículo;Com Vítimas Feridas;Pleno dia;Crescente;Sol;Dupla;Reta;Urbano;1;1
600754;2009-10-24;Sábado;15:40:00;SP;116;143.0;SAO JOSE DOS CAMPOS;Ingestão de álcool;Saída de Pista;Sem Vítimas;Pleno dia;Decrescente;Sol;Dupla;Reta;Urbano;1;1
600771;2009-10-24;Sábado;11:45:00;SP;116;128.0;CACAPAVA;Outras;Queda de motocicleta / bicicleta / veículo;Com Vítimas Feridas;Pleno dia;Crescente;Sol;Dupla;Reta;Urbano;2;2
600827;2009-10-24;Sábado;17:40:00;SP;116;153.8;SAO JOSE DOS CAMPOS;Outras;Colisão traseira;Com Vítimas Feridas;Pleno dia;Decrescente;Sol;Dupla;Reta;Urbano;3;2
600936;2009-10-25;Domingo;07:00:00;SP;116;158.1;JACAREI;Outras;Colisão com objeto fixo;Sem Vítimas;Pleno dia;Crescente;Sol;Dupla;Curva;Urbano;1;1
600947;2009-10-23;Sexta;16:50:00;SP;116;138.0;SAO JOSE DOS CAMPOS;Falta de atenção;Colisão traseira;Com Vítimas Feridas;Pleno dia;Decrescente;Sol;Dupla;Reta;Urbano;6;5
600978;2009-10-23;Sexta;05:15:00;SP;116;222.0;GUARULHOS;Outras;Colisão traseira;Com Vítimas Feridas;Plena noite;Crescente;Ceu Claro;Múltipla;Reta;Urbano;2;2
600980;2009-10-22;Quinta;06:50:00;SP;116;177.4;GUARAREMA;Outras;Colisão traseira;Com Vítimas Fatais;Amanhecer;Crescente;Chuva;Dupla;Curva;Rural;6;4
600992;2009-10-22;Quinta;14:25:00;SP;116;217.0;GUARULHOS;Outras;Colisão traseira;Sem Vítimas;Pleno dia;Decrescente;Ceu Claro;Múltipla;Reta;Urbano;2;2
601007;2009-10-23;Sexta;18:45:00;SP;116;142.0;SAO JOSE DOS CAMPOS;Ultrapassagem indevida;Atropelamento de pessoa;Com Vítimas Feridas;Pleno dia;Crescente;Ceu Claro;Dupla;Reta;Urbano;3;2
601025;2009-10-23;Sexta;14:55:00;SP;116;126.0;CACAPAVA;Defeito mecânico em veículo;Colisão traseira;Sem Vítimas;Pleno dia;Crescente;Sol;Dupla;Reta;Urbano;4;4
601090;2009-10-25;Domingo;16:30:00;SP;116;138.8;SAO JOSE DOS CAMPOS;Outras;Colisão traseira;Sem Vítimas;Pleno dia;Crescente;Sol;Dupla;Reta;Rural;2;2
601094;2009-10-25;Domingo;15:15:00;SP;116;142.8;SAO JOSE DOS CAMPOS;Falta de atenção;Colisão traseira;Sem Vítimas;Pleno dia;Crescente;Nublado;Dupla;Reta;Rural;2;2
601110;2009-10-19;Segunda;12:20:00;SP;116;217.0;GUARULHOS;Desobediência à sinalização;Colisão lateral;Sem Vítimas;Pleno dia;Crescente;Nublado;Múltipla;Reta;Urbano;2;2
601142;2009-10-25;Domingo;20:30:00;SP;116;214.5;GUARULHOS;Outras;Colisão traseira;Sem Vítimas;Plena noite;Decrescente;Ceu Claro;Múltipla;Reta;Urbano;3;3
601194;2009-10-21;Quarta;08:30:00;SP;116;214.0;GUARULHOS;Outras;Colisão lateral;Sem Vítimas;Pleno dia;Crescente;Sol;Múltipla;Reta;Urbano;2;2
601202;2009-10-21;Quarta;10:30:00;SP;116;219.0;GUARULHOS;Outras;Queda de motocicleta / bicicleta / veículo;Com Vítimas Feridas;Pleno dia;Crescente;Ceu Claro;Múltipla;Reta;Urbano;1;1
601204;2009-10-25;Domingo;21:00:00;SP;116;127.3;CACAPAVA;Outras;Colisão traseira;Sem Vítimas;Plena noite;Crescente;Nublado;Dupla;Reta;Urbano;4;4
601212;2009-10-23;Sexta;16:30:00;SP;116;217.0;GUARULHOS;Outras;Colisão lateral;Com Vítimas Feridas;Pleno dia;Crescente;Nublado;Múltipla;Reta;Urbano;2;2
601215;2009-10-24;Sábado;07:00:00;SP;116;207.0;GUARULHOS;Falta de atenção;Colisão traseira;Sem Vítimas;Pleno dia;Crescente;Nublado;Dupla;Reta;Urbano;2;2
601318;2009-10-19;Segunda;22:10:00;SP;116;99.0;PINDAMONHANGABA;Defeito na via;Colisão com objeto fixo;Sem Vítimas;Plena noite;Crescente;Chuva;Dupla;Reta;Urbano;1;1
601336;2009-10-22;Quinta;18:08:00;SP;116;107.1;TAUBATE;Outras;Colisão lateral;Sem Vítimas;Pleno dia;Decrescente;Ceu Claro;Dupla;Reta;Urbano;2;2
601362;2009-10-23;Sexta;17:15:00;SP;116;157.0;SAO JOSE DOS CAMPOS;Outras;Colisão traseira;Sem Vítimas;Pleno dia;Crescente;Ceu Claro;Dupla;Reta;Urbano;2;2
601369;2009-10-23;Sexta;11:30:00;SP;116;162.0;JACAREI;Outras;Colisão traseira;Sem Vítimas;Pleno dia;Decrescente;Ceu Claro;Dupla;Reta;Urbano;2;2
601415;2009-10-22;Quinta;07:30:00;SP;116;109.8;TAUBATE;Falta de atenção;Colisão traseira;Com Vítimas Feridas;Pleno dia;Decrescente;Nublado;Dupla;Reta;Urbano;2;2
601424;2009-10-26;Segunda;13:15:00;SP;116;143.0;SAO JOSE DOS CAMPOS;Outras;Incêndio;Sem Vítimas;Pleno dia;Decrescente;Sol;Dupla;Reta;Urbano;1;1
601432;2009-10-24;Sábado;13:15:00;SP;116;227.0;SAO PAULO;Falta de atenção;Colisão traseira;Sem Vítimas;Pleno dia;Crescente;Sol;Múltipla;Reta;Urbano;2;2
601449;2009-10-25;Domingo;05:40:00;SP;116;228.0;SAO PAULO;Falta de atenção;Colisão traseira;Sem Vítimas;Amanhecer;Decrescente;Ceu Claro;Múltipla;Reta;Urbano;3;3
601485;2009-10-21;Quarta;13:40:00;SP;116;202.0;ARUJA;Outras;Capotamento;Sem Vítimas;Pleno dia;Crescente;Ceu Claro;Múltipla;Reta;Urbano;1;1
601497;2009-10-21;Quarta;08:00:00;SP;116;216.0;GUARULHOS;Outras;Colisão lateral;Sem Vítimas;Pleno dia;Crescente;Ceu Claro;Múltipla;Reta;Urbano;2;2
601507;2009-10-23;Sexta;00:15:00;SP;116;134.0;CACAPAVA;Outras;Colisão com objeto fixo;Sem Vítimas;Plena noite;Crescente;Ceu Claro;Dupla;Reta;Urbano;1;1
601566;2009-10-26;Segunda;14:40:00;SP;116;161.5;JACAREI;Outras;Colisão com objeto fixo;Sem Vítimas;Pleno dia;Decrescente;Chuva;Dupla;Reta;Rural;1;1
601595;2009-10-23;Sexta;12:15:00;SP;116;223.0;GUARULHOS;Não guardar distância de segurança;Colisão traseira;Com Vítimas Feridas;Pleno dia;Decrescente;Ceu Claro;Múltipla;Reta;Urbano;2;2
601761;2009-10-26;Segunda;07:40:00;SP;116;229.8;SAO PAULO;Outras;Colisão lateral;Sem Vítimas;Pleno dia;Crescente;Nublado;Múltipla;Reta;Urbano;2;2
601775;2009-10-26;Segunda;20:45:00;SP;116;227.0;GUARULHOS;Outras;Colisão traseira;Sem Vítimas;Plena noite;Decrescente;Chuva;Múltipla;Reta;Urbano;2;2
601784;2009-10-23;Sexta;18:10:00;SP;116;146.6;SAO JOSE DOS CAMPOS;Não guardar distância de segurança;Colisão traseira;Com Vítimas Feridas;Pleno dia;Decrescente;Sol;Dupla;Reta;Urbano;2;2
601808;2009-10-24;Sábado;11:30:00;SP;116;211.0;GUARULHOS;Dormindo;Colisão lateral;Sem Vítimas;Pleno dia;Decrescente;Ceu Claro;Múltipla;Reta;Urbano;2;2
601811;2009-10-23;Sexta;16:45:00;SP;116;137.6;SAO JOSE DOS CAMPOS;Outras;Colisão traseira;Sem Vítimas;Pleno dia;Decrescente;Nublado;Dupla;Reta;Urbano;8;8
601846;2009-10-22;Quinta;18:20:00;SP;116;220.0;GUARULHOS;Outras;Colisão traseira;Sem Vítimas;Anoitecer;Decrescente;Nublado;Dupla;Reta;Urbano;3;3
601936;2009-10-27;Terça;09:00:00;SP;116;229.0;GUARULHOS;Não guardar distância de segurança;Colisão frontal;Sem Vítimas;Pleno dia;Crescente;Chuva;Múltipla;Reta;Urbano;2;2
601969;2009-10-23;Sexta;19:40:00;SP;116;145.3;SAO JOSE DOS CAMPOS;Desobediência à sinalização;Colisão traseira;Com Vítimas Feridas;Plena noite;Decrescente;Ceu Claro;Dupla;Reta;Urbano;3;2
601999;2009-10-23;Sexta;21:35:00;SP;116;144.7;SAO JOSE DOS CAMPOS;Outras;Colisão lateral;Com Vítimas Feridas;Pleno dia;Crescente;Ceu Claro;Dupla;Reta;Urbano;2;2
602063;2009-10-27;Terça;14:40:00;SP;116;223.0;GUARULHOS;Falta de atenção;Colisão traseira;Sem Vítimas;Pleno dia;Crescente;Chuva;Múltipla;Reta;Urbano;2;2
602067;2009-10-27;Terça;17:00:00;SP;116;225.0;GUARULHOS;Outras;Colisão lateral;Sem Vítimas;Pleno dia;Crescente;Nublado;Múltipla;Reta;Urbano;2;2
602163;2009-10-27;Terça;23:00:00;SP;116;204.0;ARUJA;Falta de atenção;Colisão traseira;Sem Vítimas;Plena noite;Decrescente;Nublado;Dupla;Reta;Urbano;2;2
602183;2009-10-27;Terça;22:40:00;SP;116;184.0;SANTA ISABEL;Não guardar distância de segurança;Colisão traseira;Sem Vítimas;Plena noite;Crescente;Nublado;Dupla;Reta;Rural;2;2
602195;2009-10-27;Terça;21:00:00;SP;116;214.0;GUARULHOS;Outras;Atropelamento de animal;Sem Vítimas;Plena noite;Decrescente;Chuva;Múltipla;Reta;Urbano;1;1
602387;2009-10-23;Sexta;17:00:00;SP;116;161.0;JACAREI;Outras;Colisão traseira;Com Vítimas Fatais;Anoitecer;Decrescente;Ceu Claro;Dupla;Reta;Urbano;5;4
602407;2009-10-27;Terça;15:15:00;SP;116;156.0;SAO JOSE DOS CAMPOS;Outras;Colisão traseira;Sem Vítimas;Pleno dia;Decrescente;Ceu Claro;Dupla;Reta;Urbano;2;2