id;data_inversa;dia_semana;horario;uf;br;km;municipio;causa_acidente;tipo_acidente;classificacao_acidente;fase_dia;sentido_via;condicao_metereologica;tipo_pista;tracado_via;uso_solo;pessoas;veiculos
602417;2009-10-28;Quarta;07:45:00;SP;116;146.5;SAO JOSE DOS CAMPOS;Outras;Queda de motocicleta / bicicleta / veículo;Com Vítimas Feridas;Pleno dia;Crescente;Ceu Claro;Dupla;Reta;Urbano;1;1
602463;2009-10-28;Quarta;08:00:00;SP;116;220.0;GUARULHOS;Outras;Colisão traseira;Sem Vítimas;Pleno dia;Decrescente;Nublado;Múltipla;Reta;Urbano;2;2
602482;2009-10-21;Quarta;09:00:00;SP;116;144.0;SAO JOSE DOS CAMPOS;Defeito mecânico em veículo;Danos Eventuais;Sem Vítimas;Pleno dia;Crescente;Ceu Claro;Dupla;Reta;Urbano;3;3
602549;2009-10-19;Segunda;05:20:00;SP;116;214.0;GUARULHOS;Outras;Colisão com objeto fixo;Ignorado;Plena noite;Decrescente;Chuva;Múltipla;Reta;Urbano;1;1
602563;2009-10-28;Quarta;17:45:00;SP;116;219.0;GUARULHOS;Falta de atenção;Colisão traseira;Sem Vítimas;Pleno dia;Decrescente;Nublado;Múltipla;Reta;Urbano;2;2
602585;2009-10-25;Domingo;07:20:00;SP;116;150.1;SAO JOSE DOS CAMPOS;Ingestão de álcool;Colisão com objeto fixo;Sem Vítimas;Amanhecer;Decrescente;Sol;Múltipla;Reta;Urbano;1;1
602613;2009-10-28;Quarta;20:00:00;SP;116;162.0;JACAREI;Outras;Tombamento;Com Vítimas Feridas;Plena noite;Crescente;Ceu Claro;Dupla;Reta;Urbano;2;1
602628;2009-10-28;Quarta;17:30:00;SP;116;145.0;SAO JOSE DOS CAMPOS;Não guardar distância de segurança;Colisão traseira;Sem Vítimas;Pleno dia;Crescente;Sol;Dupla;Reta;Urbano;4;4
602653;2009-10-28;Quarta;21:00:00;SP;116;146.5;SAO JOSE DOS CAMPOS;Outras;Colisão com objeto fixo;Sem Vítimas;Plena noite;Crescente;Nublado;Dupla;Reta;Urbano;1;1
602657;2009-10-24;Sábado;09:40:00;SP;116;101.0;PINDAMONHANGABA;Outras;Colisão traseira;Sem Vítimas;Pleno dia;Crescente;Sol;Dupla;Reta;Rural;2;2
602731;2009-10-23;Sexta;17:15:00;SP;116;142.0;SAO JOSE DOS CAMPOS;Ultrapassagem indevida;Colisão traseira;Sem Vítimas;Pleno dia;Decrescente;Sol;Múltipla;Reta;Urbano;2;2
602769;2009-10-17;Sábado;13:14:00;SP;116;155.0;SAO JOSE DOS CAMPOS;Outras;Colisão traseira;Sem Vítimas;Pleno dia;Crescente;Chuva;Dupla;Reta;Urbano;4;4
602819;2009-10-17;Sábado;17:00:00;SP;116;144.0;SAO JOSE DOS CAMPOS;Não guardar distância de segurança;Colisão traseira;Com Vítimas Feridas;Pleno dia;Crescente;Ceu Claro;Dupla;Reta;Urbano;4;3
602863;2009-10-21;Quarta;17:35:00;SP;116;143.7;SAO JOSE DOS CAMPOS;Outras;Colisão traseira;Sem Vítimas;Pleno dia;Decrescente;Ceu Claro;Dupla;Reta;Urbano;4;4
603028;2009-10-28;Quarta;18:05:00;SP;116;147.1;SAO JOSE DOS CAMPOS;Falta de atenção;Colisão traseira;Sem Vítimas;Pleno dia;Decrescente;Ceu Claro;Dupla;Reta;Urbano;2;2
603104;2009-10-25;Domingo;14:55:00;SP;116;184.0;SANTA ISABEL;Outras;Capotamento;Com Vítimas Feridas;Pleno dia;Crescente;Ceu Claro;Dupla;Reta;Rural;5;3
603168;2009-10-29;Quinta;15:50:00;SP;116;165.0;JACAREI;Outras;Colisão traseira;Sem Vítimas;Pleno dia;Crescente;Chuva;Múltipla;Reta;Rural;2;2
603183;2009-10-24;Sábado;13:40:00;SP;116;191.0;SANTA ISABEL;Outras;Colisão traseira;Sem Vítimas;Pleno dia;Decrescente;Nublado;Dupla;Reta;Rural;3;3
603199;2009-10-06;Terça;06:30:00;SP;116;218.0;GUARULHOS;Outras;Colisão lateral;Sem Vítimas;Pleno dia;Crescente;Ceu Claro;Múltipla;Reta;Urbano;2;2
603247;2009-10-26;Segunda;17:30:00;SP;116;107.2;TAUBATE;Defeito mecânico em veículo;Colisão com objeto fixo;Sem Vítimas;Pleno dia;Crescente;Chuva;Dupla;Reta;Urbano;1;1
603258;2009-10-29;Quinta;08:35:00;SP;116;221.0;GUARULHOS;Outras;Colisão traseira;Com Vítimas Feridas;Pleno dia;Crescente;Nublado;Múltipla;Reta;Urbano;2;2
603285;2009-10-26;Segunda;16:55:00;SP;116;163.5;JACAREI;Falta de atenção;Colisão lateral;Sem Vítimas;Pleno dia;Crescente;Chuva;Dupla;Reta;Urbano;2;2
603325;2009-10-19;Segunda;12:20:00;SP;116;146.6;SAO JOSE DOS CAMPOS;Defeito mecânico em veículo;Colisão lateral;Sem Vítimas;Pleno dia;Decrescente;Nublado;Dupla;Reta;Urbano;2;2
603342;2009-10-19;Segunda;17:20:00;SP;116;157.8;JACAREI;Não guardar distância de segurança;Colisão traseira;Sem Vítimas;Pleno dia;Decrescente;Chuva;Simples;Reta;Urbano;2;2
603361;2009-10-19;Segunda;21:00:00;SP;116;169.6;JACAREI;Outras;Colisão traseira;Sem Vítimas;Plena noite;Decrescente;Chuva;Dupla;Reta;Rural;3;3
603425;2009-10-25;Domingo;12:40:00;SP;116;210.0;GUARULHOS;Outras;Colisão traseira;Sem Vítimas;Pleno dia;Decrescente;Ceu Claro;Múltipla;Reta;Urbano;2;2
603436;2009-10-30;Sexta;17:25:00;SP;116;119.1;TAUBATE;Não guardar distância de segurança;Colisão traseira;Com Vítimas Feridas;Pleno dia;Decrescente;Ceu Claro;Dupla;Reta;Urbano;3;3
603445;2009-10-26;Segunda;01:15:00;SP;116;208.5;GUARULHOS;Outras;Colisão frontal;Com Vítimas Feridas;Plena noite;Decrescente;Ceu Claro;Múltipla;Reta;Urbano;2;2
603473;2009-10-26;Segunda;06:30:00;SP;116;211.0;GUARULHOS;Outras;Colisão traseira;Sem Vítimas;Amanhecer;Crescente;Chuva;Múltipla;Reta;Urbano;2;2
603779;2009-10-31;Sábado;10:00:00;SP;116;145.0;SAO JOSE DOS CAMPOS;Não guardar distância de segurança;Colisão traseira;Sem Vítimas;Pleno dia;Crescente;Ceu Claro;Dupla;Reta;Urbano;3;3
603819;2009-10-31;Sábado;08:30:00;SP;116;137.2;SAO JOSE DOS CAMPOS;Outras;Colisão traseira;Sem Vítimas;Pleno dia;Decrescente;Sol;Dupla;Reta;Urbano;5;5
604059;2009-10-31;Sábado;19:40:00;SP;116;165.0;JACAREI;Outras;Colisão lateral;Sem Vítimas;Anoitecer;Crescente;Ceu Claro;Múltipla;Reta;Urbano;2;2
604171;2009-10-31;Sábado;22:00:00;SP;116;228.0;SAO PAULO;Outras;Colisão lateral;Com Vítimas Feridas;Plena noite;Crescente;Ceu Claro;Múltipla;Reta;Urbano;2;2
604186;2009-10-30;Sexta;17:40:00;SP;116;156.0;SAO JOSE DOS CAMPOS;Outras;Colisão traseira;Sem Vítimas;Anoitecer;Decrescente;Ceu Claro;Dupla;Reta;Urbano;2;2
604199;2009-10-30;Sexta;23:40:00;SP;116;146.0;SAO JOSE DOS CAMPOS;Outras;Colisão lateral;Sem Vítimas;Plena noite;Decrescente;Ceu Claro;Dupla;Reta;Urbano;2;2
604228;2009-10-27;Terça;06:30:00;SP;116;227.0;GUARULHOS;Não guardar distância de segurança;Colisão lateral;Sem Vítimas;Amanhecer;Crescente;Nublado;Múltipla;Reta;Urbano;3;3
604256;2009-10-29;Quinta;11:45:00;SP;116;214.8;GUARULHOS;Outras;Colisão com objeto fixo;Sem Vítimas;Pleno dia;Decrescente;Nublado;Múltipla;Reta;Urbano;1;1
604265;2009-10-29;Quinta;09:45:00;SP;116;211.0;GUARULHOS;Defeito mecânico em veículo;Colisão traseira;Com Vítimas Feridas;Pleno dia;Crescente;Sol;Múltipla;Reta;Urbano;11;2
604355;2009-10-30;Sexta;09:00:00;SP;116;144.0;SAO JOSE DOS CAMPOS;Outras;Colisão traseira;Sem Vítimas;Amanhecer;Crescente;Ceu Claro;Dupla;Reta;Rural;4;4
604379;2009-11-01;Domingo;18:00:00;SP;116;142.0;SAO JOSE DOS CAMPOS;Outras;Colisão lateral;Sem Vítimas;Pleno dia;Crescente;Ceu Claro;Dupla;Reta;Urbano;3;3
604383;2009-11-01;Domingo;09:30:00;SP;116;116.0;TAUBATE;Não guardar distância de segurança;Colisão traseira;Sem Vítimas;Pleno dia;Decrescente;Ceu Claro;Dupla;Reta;Rural;2;2
604403;2009-10-31;Sábado;05:30:00;SP;116;146.8;SAO JOSE DOS CAMPOS;Outras;Capotamento;Sem Vítimas;Amanhecer;Crescente;Sol;Dupla;Reta;Rural;2;2
604411;2009-11-01;Domingo;20:10:00;SP;116;117.0;TAUBATE;Outras;Queda de motocicleta / bicicleta / veículo;Com Vítimas Feridas;Anoitecer;Crescente;Ceu Claro;Dupla;Reta;Urbano;2;1
604423;2009-11-01;Domingo;20:00:00;SP;116;144.3;SAO JOSE DOS CAMPOS;Falta de atenção;Colisão traseira;Sem Vítimas;Plena noite;Crescente;Ceu Claro;Dupla;Reta;Urbano;2;2
604446;2009-11-01;Domingo;20:50:00;SP;116;218.8;GUARULHOS;Outras;Colisão com objeto fixo;Com Vítimas Feridas;Plena noite;Decrescente;Nublado;Múltipla;Curva;Urbano;1;1
604535;2009-10-31;Sábado;07:15:00;SP;116;123.5;TAUBATE;Outras;Colisão traseira;Sem Vítimas;Pleno dia;Decrescente;Ceu Claro;Dupla;Reta;Rural;2;2
604552;2009-10-31;Sábado;09:45:00;SP;116;117.7;TAUBATE;Outras;Colisão traseira;Com Vítimas Feridas;Pleno dia;Decrescente;Ceu Claro;Dupla;Reta;Rural;6;5
604558;2009-10-31;Sábado;09:45:00;SP;116;143.0;SAO JOSE DOS CAMPOS;Outras;Colisão traseira;Sem Vítimas;Pleno dia;Decrescente;Sol;Dupla;Reta;Urbano;3;3
604577;2009-10-31;Sábado;15:30:00;SP;116;144.0;SAO JOSE DOS CAMPOS;Não guardar distância de segurança;Colisão traseira;Sem Vítimas;Pleno dia;Crescente;Ceu Claro;Dupla;Reta;Urbano;2;2
604591;2009-10-31;Sábado;15:40:00;SP;116;147.0;SAO JOSE DOS CAMPOS;Outras;Colisão lateral;Sem Vítimas;Pleno dia;Crescente;Ceu Claro;Dupla;Reta;Urbano;2;2
604604;2009-10-26;Segunda;20:20:00;SP;116;215.0;GUARULHOS;Outras;Colisão traseira;Sem Vítimas;Plena noite;Crescente;Nublado;Múltipla;Reta;Urbano;2;2
604605;2009-11-01;Domingo;04:30:00;SP;116;161.0;JACAREI;Outras;Colisão traseira;Sem Vítimas;Plena noite;Decrescente;Ceu Claro;Dupla;Reta;Urbano;2;2
604615;2009-10-30;Sexta;17:00:00;SP;116;220.0;GUARULHOS;Outras;Colisão traseira;Sem Vítimas;Pleno dia;Decrescente;Nublado;Múltipla;Reta;Urbano;2;2
604630;2009-11-01;Domingo;05:45:00;SP;116;146.0;SAO JOSE DOS CAMPOS;Outras;Colisão lateral;Sem Vítimas;Amanhecer;Decrescente;Ceu Claro;Dupla;Reta;Urbano;2;2
604647;2009-10-31;Sábado;09:00:00;SP;116;116.3;TAUBATE;Falta de atenção;Colisão lateral;Com Vítimas Feridas;Pleno dia;Decrescente;Sol;Dupla;Reta;Rural;2;2
604660;2009-10-23;Sexta;17:10:00;SP;116;156.9;SAO JOSE DOS CAMPOS;Não guardar distância de segurança;Colisão traseira;Sem Vítimas;Pleno dia;Decrescente;Sol;Dupla;Reta;Urbano;3;3
604672;2009-11-02;Segunda;11:50:00;SP;116;201.0;ARUJA;Falta de atenção;Colisão com bicicleta;Com Vítimas Feridas;Pleno dia;Crescente;Ceu Claro;Múltipla;Reta;Urbano;2;2
604682;2009-10-23;Sexta;22:15:00;SP;116;165.3;JACAREI;Falta de atenção;Colisão lateral;Sem Vítimas;Plena noite;Decrescente;Ceu Claro;Múltipla;Reta;Rural;2;2
604813;2009-10-30;Sexta;21:30:00;SP;116;228.0;SAO PAULO;Outras;Tombamento;Sem Vítimas;Plena noite;Decrescente;Nublado;Múltipla;Reta;Urbano;3;2
604814;2009-10-23;Sexta;22:15:00;SP;116;165.1;JACAREI;Outras;Colisão lateral;Sem Vítimas;Plena noite;Decrescente;Ceu Claro;Múltipla;Reta;Rural;2;2
604889;2009-10-29;Quinta;16:05:00;SP;116;144.0;SAO JOSE DOS CAMPOS;Falta de atenção;Colisão traseira;Sem Vítimas;Pleno dia;Crescente;Sol;Dupla;Reta;Urbano;3;3
604909;2009-10-23;Sexta;04:05:00;SP;116;199.0;ARUJA;Outras;Tombamento;Ignorado;Plena noite;Decrescente;Nublado;Múltipla;Curva;Rural;1;1
604936;2009-10-21;Quarta;17:36:00;SP;116;144.6;SAO JOSE DOS CAMPOS;Outras;Colisão traseira;Sem Vítimas;Pleno dia;Decrescente;Ceu Claro;Dupla;Reta;Urbano;3;3
604955;2009-10-26;Segunda;06:40:00;SP;116;227.0;GUARULHOS;Outras;Colisão traseira;Sem Vítimas;Pleno dia;Crescente;Sol;Múltipla;Reta;Urbano;4;4
605111;2009-10-30;Sexta;17:20:00;SP;116;119.1;TAUBATE;Outras;Colisão traseira;Sem Vítimas;Pleno dia;Decrescente;Ceu Claro;Dupla;Reta;Rural;2;2
605157;2009-10-31;Sábado;01:00:00;SP;116;138.5;SAO JOSE DOS CAMPOS;Outras;Colisão traseira;Sem Vítimas;Plena noite;Decrescente;Ceu Claro;Dupla;Curva;Urbano;2;2
605161;2009-10-31;Sábado;01:20:00;SP;116;165.0;SAO JOSE DOS CAMPOS;Outras;Colisão traseira;Sem Vítimas;Plena noite;Crescente;Ceu Claro;Dupla;Reta;Urbano;2;2
605201;2009-11-02;Segunda;06:40:00;SP;116;111.0;TAUBATE;Outras;Colisão com objeto fixo;Sem Vítimas;Pleno dia;Crescente;Ceu Claro;Dupla;Reta;Urbano;1;1
605292;2009-10-26;Segunda;06:00:00;SP;116;227.0;GUARULHOS;Outras;Queda de motocicleta / bicicleta / veículo;Com Vítimas Feridas;Amanhecer;Crescente;Ceu Claro;Múltipla;Reta;Urbano;3;3
605320;2009-10-26;Segunda;07:05:00;SP;116;228.0;GUARULHOS;Outras;Colisão traseira;Sem Vítimas;Anoitecer;Crescente;Ceu Claro;Múltipla;Reta;Urbano;2;2
605340;2009-10-29;Quinta;08:50:00;SP;116;225.0;GUARULHOS;Outras;Colisão traseira;Sem Vítimas;Pleno dia;Decrescente;Nublado;Múltipla;Reta;Urbano;3;3
605382;2009-11-03;Terça;06:00:00;SP;116;228.0;SAO PAULO;Outras;Colisão com objeto fixo;Sem Vítimas;Amanhecer;Decrescente;Nublado;Múltipla;Reta;Urbano;1;1
605441;2009-11-03;Terça;14:10:00;SP;116;214.0;GUARULHOS;Outras;Colisão lateral;Sem Vítimas;Pleno dia;Decrescente;Ceu Claro;Múltipla;Reta;Urbano;2;2
605470;2009-11-03;Terça;17:20:00;SP;116;221.0;GUARULHOS;Outras;Colisão lateral;Sem Vítimas;Pleno dia;Decrescente;Ceu Claro;Múltipla;Reta;Urbano;3;3
605487;2009-11-03;Terça;12:30:00;SP;116;219.0;GUARULHOS;Outras;Colisão traseira;Com Vítimas Feridas;Pleno dia;Crescente;Ceu Claro;Múltipla;Reta;Urbano;2;2
605541;2009-11-03;Terça;13:40:00;SP;116;220.0;GUARULHOS;Outras;Colisão traseira;Sem Vítimas;Pleno dia;Crescente;Sol;Múltipla;Reta;Urbano;2;2
605544;2009-11-04;Quarta;04:40:00;SP;116;213.0;GUARULHOS;Outras;Colisão lateral;Sem Vítimas;Plena noite;Crescente;Ceu Claro;Múltipla;Reta;Rural;2;2
605601;2009-10-27;Terça;16:10:00;SP;116;221.0;GUARULHOS;Outras;Colisão traseira;Sem Vítimas;Pleno dia;Crescente;Chuva;Múltipla;Reta;Urbano;2;2
605761;2009-11-04;Quarta;00:05:00;SP;116;156.0;SAO JOSE DOS CAMPOS;Outras;Colisão frontal;Sem Vítimas;Plena noite;Crescente;Ceu Claro;Dupla;Reta;Urbano;2;2
605856;2009-10-29;Quinta;22:45:00;SP;116;151.0;SAO JOSE DOS CAMPOS;Outras;Saída de Pista;Com Vítimas Feridas;Plena noite;Decrescente;Ceu Claro;Dupla;Reta;Urbano;2;2
605860;2009-11-04;Quarta;18:20:00;SP;116;133.0;CACAPAVA;Falta de atenção;Colisão traseira;Com Vítimas Feridas;Pleno dia;Decrescente;Ceu Claro;Dupla;Reta;Urbano;5;3
605865;2009-11-04;Quarta;08:10:00;SP;116;142.8;SAO JOSE DOS CAMPOS;Animais na Pista;Colisão traseira;Sem Vítimas;Pleno dia;Decrescente;Ceu Claro;Dupla;Reta;Urbano;6;6
605872;2009-11-04;Quarta;15:00:00;SP;116;214.0;GUARULHOS;Falta de atenção;Colisão Transversal;Com Vítimas Feridas;Pleno dia;Decrescente;Ceu Claro;Múltipla;Reta;Urbano;2;2
605873;2009-11-02;Segunda;09:10:00;SP;116;146.0;SAO JOSE DOS CAMPOS;Outras;Colisão com objeto fixo;Sem Vítimas;Pleno dia;Crescente;Ceu Claro;Dupla;Reta;Urbano;1;1
605886;2009-11-04;Quarta;16:05:00;SP;116;228.0;SAO PAULO;Falta de atenção;Colisão traseira;Com Vítimas Feridas;Pleno dia;Crescente;Ceu Claro;Múltipla;Reta;Urbano;2;2
605915;2009-11-02;Segunda;21:30:00;SP;116;218.0;GUARULHOS;Outras;Colisão traseira;Com Vítimas Feridas;Plena noite;Decrescente;Ceu Claro;Múltipla;Reta;Urbano;2;2
605919;2009-11-02;Segunda;17:10:00;SP;116;144.0;SAO JOSE DOS CAMPOS;Não guardar distância de segurança;Colisão traseira;Sem Vítimas;Pleno dia;Crescente;Ceu Claro;Dupla;Reta;Urbano;2;2
605930;2009-11-02;Segunda;20:30:00;SP;116;155.5;SAO JOSE DOS CAMPOS;Outras;Colisão traseira;Sem Vítimas;Plena noite;Crescente;Ceu Claro;Dupla;Reta;Urbano;3;3
605955;2009-11-03;Terça;08:00:00;SP;116;157.9;SAO JOSE DOS CAMPOS;Outras;Colisão traseira;Com Vítimas Feridas;Pleno dia;Decrescente;Ceu Claro;Dupla;Reta;Urbano;4;4
605988;2009-11-04;Quarta;22:30:00;SP;116;218.0;GUARULHOS;Falta de atenção;Colisão traseira;Sem Vítimas;Plena noite;Crescente;Ceu Claro;Múltipla;Reta;Urbano;3;3
605998;2009-11-05;Quinta;03:00:00;SP;116;178.0;GUARAREMA;Dormindo;Colisão traseira;Sem Vítimas;Plena noite;Crescente;Ceu Claro;Simples;Reta;Rural;2;2
606023;2009-10-29;Quinta;08:20:00;SP;116;222.0;GUARULHOS;Outras;Colisão traseira;Sem Vítimas;Pleno dia;Decrescente;Ceu Claro;Múltipla;Reta;Urbano;2;2
606031;2009-10-29;Quinta;12:50:00;SP;116;222.0;GUARULHOS;Outras;Colisão lateral;Sem Vítimas;Pleno dia;Decrescente;Ceu Claro;Múltipla;Reta;Urbano;3;3
606045;2009-10-26;Segunda;20:05:00;SP;116;211.2;GUARULHOS;Outras;Colisão com objeto fixo;Com Vítimas Feridas;Plena noite;Crescente;Chuva;Múltipla;Reta;Urbano;2;1
606054;2009-10-26;Segunda;19:00:00;SP;116;210.0;GUARULHOS;Outras;Colisão lateral;Sem Vítimas;Anoitecer;Decrescente;Chuva;Múltipla;Reta;Urbano;2;2
606069;2009-11-03;Terça;08:35:00;SP;116;228.0;SAO PAULO;Outras;Colisão traseira;Sem Vítimas;Pleno dia;Crescente;Sol;Múltipla;Reta;Urbano;2;2
606076;2009-07-17;Sexta;05:30:00;SP;116;107.0;TAUBATE;Outras;Colisão traseira;Com Vítimas Feridas;Amanhecer;Decrescente;Nublado;Dupla;Reta;Urbano;3;2
606084;2009-09-05;Sábado;08:30:00;SP;116;215.0;GUARULHOS;Outras;Colisão traseira;Com Vítimas Feridas;Pleno dia;Crescente;Ceu Claro;Múltipla;Reta;Urbano;2;2
606089;2009-10-09;Sexta;03:50:00;SP;116;223.5;GUARULHOS;Outras;Colisão com objeto fixo;Com Vítimas Feridas;Plena noite;Crescente;Ceu Claro;Múltipla;Reta;Urbano;2;1
606305;2009-11-01;Domingo;15:10:00;SP;116;186.0;SANTA ISABEL;Outras;Colisão traseira;Sem Vítimas;Pleno dia;Decrescente;Ceu Claro;Dupla;Curva;Rural;2;2
606317;2009-11-04;Quarta;10:30:00;SP;116;221.0;GUARULHOS;Outras;Colisão lateral;Sem Vítimas;Pleno dia;Crescente;Ceu Claro;Múltipla;Reta;Urbano;2;2
606319;2009-11-05;Quinta;18:30:00;SP;116;132.8;CACAPAVA;Ultrapassagem indevida;Colisão lateral;Sem Vítimas;Pleno dia;Crescente;Ceu Claro;Dupla;Reta;Urbano;2;2
606356;2009-11-05;Quinta;20:15:00;SP;116;226.0;GUARULHOS;Falta de atenção;Colisão lateral;Com Vítimas Feridas;Plena noite;Decrescente;Ceu Claro;Múltipla;Reta;Urbano;2;2
606364;2009-11-05;Quinta;07:45:00;SP;116;225.5;GUARULHOS;Não guardar distância de segurança;Colisão lateral;Com Vítimas Feridas;Pleno dia;Crescente;Sol;Múltipla;Reta;Urbano;2;2
606383;2009-11-05;Quinta;17:15:00;SP;116;142.0;SAO JOSE DOS CAMPOS;Falta de atenção;Colisão lateral;Sem Vítimas;Pleno dia;Crescente;Sol;Dupla;Reta;Rural;2;2
606490;2009-11-05;Quinta;19:25:00;SP;116;146.0;SAO JOSE DOS CAMPOS;Outras;Colisão traseira;Sem Vítimas;Plena noite;Crescente;Chuva;Dupla;Reta;Rural;4;4
606502;2009-11-05;Quinta;17:30:00;SP;116;215.9;GUARULHOS;Outras;Colisão traseira;Com Vítimas Feridas;Pleno dia;Decrescente;Sol;Múltipla;Reta;Urbano;3;2
606562;2009-11-03;Terça;22:00:00;SP;116;203.0;ARUJA;Defeito mecânico em veículo;Incêndio;Sem Vítimas;Plena noite;Decrescente;Ceu Claro;Dupla;Reta;Rural;1;1
606586;2009-11-03;Terça;08:40:00;SP;116;229.0;SAO PAULO;Outras;Atropelamento de pessoa;Com Vítimas Feridas;Pleno dia;Crescente;Sol;Múltipla;Reta;Urbano;2;1
606588;2009-11-04;Quarta;06:05:00;SP;116;213.9;GUARULHOS;Outras;Colisão com objeto fixo;Sem Vítimas;Amanhecer;Crescente;Ceu Claro;Múltipla;Reta;Urbano;1;1
606607;2009-11-02;Segunda;17:15:00;SP;116;175.1;SAO JOSE DOS CAMPOS;Outras;Saída de Pista;Sem Vítimas;Pleno dia;Crescente;Ceu Claro;Dupla;Reta;Rural;1;1
606635;2009-11-03;Terça;05:00:00;SP;116;165.0;JACAREI;Outras;Colisão com objeto fixo;Sem Vítimas;Amanhecer;Crescente;Ceu Claro;Múltipla;Reta;Rural;1;1
606642;2009-11-06;Sexta;11:30:00;SP;116;122.7;CACAPAVA;Falta de atenção;Colisão traseira;Sem Vítimas;Pleno dia;Crescente;Ceu Claro;Dupla;Reta;Rural;2;2
606661;2009-10-31;Sábado;09:44:00;SP;116;142.5;SAO JOSE DOS CAMPOS;Outras;Colisão traseira;Sem Vítimas;Pleno dia;Decrescente;Sol;Dupla;Reta;Urbano;3;3
606734;2009-11-04;Quarta;10:00:00;SP;116;145.0;SAO JOSE DOS CAMPOS;Outras;Colisão traseira;Sem Vítimas;Pleno dia;Decrescente;Sol;Dupla;Reta;Urbano;3;3
606761;2009-11-06;Sexta;10:45:00;SP;116;212.0;GUARULHOS;Defeito mecânico em veículo;Queda de motocicleta / bicicleta / veículo;Com Vítimas Feridas;Pleno dia;Crescente;Ceu Claro;Múltipla;Reta;Urbano;1;1
606768;2009-11-04;Quarta;15:20:00;SP;116;145.5;SAO JOSE DOS CAMPOS;Outras;Colisão traseira;Com Vítimas Feridas;Pleno dia;Decrescente;Sol;Dupla;Reta;Urbano;5;5
606780;2009-11-06;Sexta;15:00:00;SP;116;109.3;TAUBATE;Outras;Saída de Pista;Sem Vítimas;Pleno dia;Decrescente;Sol;Dupla;Reta;Urbano;1;1
606836;2009-11-03;Terça;07:10:00;SP;116;173.0;SAO JOSE DOS CAMPOS;Outras;Capotamento;Sem Vítimas;Pleno dia;Decrescente;Ceu Claro;Dupla;Reta;Rural;1;1
606848;2009-10-31;Sábado;10:00:00;SP;116;142.9;SAO JOSE DOS CAMPOS;Outras;Colisão lateral;Com Vítimas Feridas;Pleno dia;Crescente;Sol;Dupla;Reta;Urbano;3;3
606932;2009-11-02;Segunda;21:40:00;SP;116;165.0;JACAREI;Ingestão de álcool;Colisão traseira;Sem Vítimas;Plena noite;Crescente;Ceu Claro;Múltipla;Reta;Rural;3;3
607183;2009-11-04;Quarta;18:00:00;SP;116;218.8;GUARULHOS;Outras;Colisão traseira;Sem Vítimas;Pleno dia;Decrescente;Ceu Claro;Múltipla;Reta;Urbano;2;2
607187;2009-11-07;Sábado;11:00:00;SP;116;132.0;CACAPAVA;Defeito mecânico em veículo;Colisão com objeto móvel;Sem Vítimas;Pleno dia;Decrescente;Ceu Claro;Dupla;Reta;Urbano;2;2
607198;2009-11-04;Quarta;07:15:00;SP;116;148.0;SAO JOSE DOS CAMPOS;Não guardar distância de segurança;Colisão traseira;Sem Vítimas;Amanhecer;Decrescente;Sol;Dupla;Reta;Rural;3;3
607446;2009-11-07;Sábado;18:10:00;SP;116;99.0;PINDAMONHANGABA;Outras;Queda de motocicleta / bicicleta / veículo;Com Vítimas Feridas;Anoitecer;Decrescente;Ceu Claro;Dupla;Reta;Rural;1;1
607503;2009-10-31;Sábado;15:20:00;SP;116;219.0;GUARULHOS;Desobediência à sinalização;Colisão lateral;Sem Vítimas;Pleno dia;Crescente;Ceu Claro;Múltipla;Reta;Rural;2;2
607521;2009-11-07;Sábado;12:05:00;SP;116;213.0;GUARULHOS;Outras;Tombamento;Sem Vítimas;Pleno dia;Crescente;Ceu Claro;Múltipla;Reta;Urbano;1;1
607533;2009-11-07;Sábado;19:00:00;SP;116;206.5;GUARULHOS;Outras;Colisão traseira;Sem Vítimas;Anoitecer;Crescente;Nublado;Dupla;Reta;Urbano;2;2
607537;2009-11-07;Sábado;19:30:00;SP;116;205.5;GUARULHOS;Outras;Colisão traseira;Sem Vítimas;Plena noite;Crescente;Chuva;Dupla;Reta;Rural;2;2
607591;2009-11-04;Quarta;06:50:00;SP;116;217.0;GUARULHOS;Outras;Colisão traseira;Sem Vítimas;Amanhecer;Decrescente;Ceu Claro;Múltipla;Reta;Urbano;2;2
607592;2009-11-05;Quinta;05:00:00;SP;116;219.0;GUARULHOS;Outras;Colisão com objeto móvel;Sem Vítimas;Plena noite;Crescente;Ceu Claro;Múltipla;Reta;Urbano;1;1
607613;2009-11-05;Quinta;06:20:00;SP;116;221.0;GUARULHOS;Outras;Colisão traseira;Sem Vítimas;Amanhecer;Crescente;Ceu Claro;Múltipla;Reta;Urbano;3;3
607632;2009-11-04;Quarta;22:30:00;SP;116;103.0;PINDAMONHANGABA;Outras;Colisão com objeto móvel;Sem Vítimas;Plena noite;Decrescente;Ceu Claro;Dupla;Reta;Rural;4;4
607674;2009-11-02;Segunda;22:00:00;SP;116;228.0;SAO PAULO;Outras;Colisão com objeto fixo;Sem Vítimas;Plena noite;Decrescente;Ceu Claro;Múltipla;Reta;Urbano;1;1
607684;2009-11-06;Sexta;16:30:00;SP;116;219.0;GUARULHOS;Outras;Tombamento;Sem Vítimas;Pleno dia;Decrescente;Sol;Múltipla;Reta;Urbano;1;1
607699;2009-11-08;Domingo;12:00:00;SP;116;227.0;GUARULHOS;Outras;Colisão com objeto fixo;Sem Vítimas;Pleno dia;Decrescente;Nublado;Múltipla;Reta;Urbano;1;1
607883;2009-11-05;Quinta;08:30:00;SP;116;155.5;SAO JOSE DOS CAMPOS;Outras;Colisão traseira;Sem Vítimas;Pleno dia;Decrescente;Ceu Claro;Dupla;Reta;Rural;2;2
607915;2009-11-07;Sábado;23:40:00;SP;116;216.5;GUARULHOS;Outras;Capotamento;Sem Vítimas;Plena noite;Decrescente;Chuva;Múltipla;Reta;Urbano;1;1