id;data_inversa;dia_semana;horario;uf;br;km;municipio;causa_acidente;tipo_acidente;classificacao_acidente;fase_dia;sentido_via;condicao_metereologica;tipo_pista;tracado_via;uso_solo;pessoas;veiculos
613543;2009-11-18;Quarta;15:20:00;SP;116;163.0;JACAREI;Defeito mecânico em veículo;Capotamento;Com Vítimas Feridas;Pleno dia;Crescente;Sol;Dupla;Reta;Urbano;1;1
613591;2009-11-21;Sábado;13:00:00;SP;116;218.0;GUARULHOS;Outras;Colisão com objeto fixo;Sem Vítimas;Pleno dia;Decrescente;Sol;Múltipla;Reta;Urbano;1;1
613628;2009-11-21;Sábado;15:45:00;SP;116;104.5;TAUBATE;Outras;Colisão com objeto fixo;Sem Vítimas;Pleno dia;Crescente;Ceu Claro;Múltipla;Reta;Urbano;2;2
613727;2009-11-19;Quinta;17:40:00;SP;116;161.0;JACAREI;Outras;Colisão traseira;Sem Vítimas;Pleno dia;Crescente;Sol;Dupla;Reta;Rural;4;4
613748;2009-11-20;Sexta;06:30:00;SP;116;165.0;JACAREI;Outras;Colisão traseira;Sem Vítimas;Amanhecer;Crescente;Sol;Múltipla;Reta;Rural;2;2
613848;2009-11-14;Sábado;00:05:00;SP;116;169.9;JACAREI;Outras;Atropelamento de pessoa;Com Vítimas Fatais;Plena noite;Crescente;Ceu Claro;Dupla;Reta;Rural;2;1
613884;2009-11-22;Domingo;05:30:00;SP;116;211.7;GUARULHOS;Outras;Colisão lateral;Com Vítimas Feridas;Plena noite;Decrescente;Nublado;Múltipla;Reta;Urbano;4;2
613904;2009-11-19;Quinta;10:25:00;SP;116;224.0;GUARULHOS;Outras;Colisão com objeto fixo;Sem Vítimas;Pleno dia;Decrescente;Sol;Múltipla;Reta;Urbano;1;1
613912;2009-11-19;Quinta;17:40:00;SP;116;227.0;GUARULHOS;Outras;Colisão traseira;Com Vítimas Feridas;Pleno dia;Decrescente;Sol;Múltipla;Reta;Urbano;2;2
613985;2009-11-21;Sábado;19:30:00;SP;116;222.8;GUARULHOS;Outras;Colisão traseira;Sem Vítimas;Anoitecer;Crescente;Chuva;Múltipla;Reta;Urbano;4;4
614004;2009-11-19;Quinta;06:00:00;SP;116;220.0;GUARULHOS;Falta de atenção;Colisão traseira;Sem Vítimas;Amanhecer;Crescente;Ceu Claro;Múltipla;Reta;Urbano;4;4
614050;2009-11-18;Quarta;17:50:00;SP;116;221.0;GUARULHOS;Outras;Queda de motocicleta / bicicleta / veículo;Com Vítimas Fatais;Pleno dia;Decrescente;Sol;Múltipla;Reta;Urbano;1;1
614109;2009-11-20;Sexta;03:45:00;SP;116;212.0;GUARULHOS;Outras;Colisão com objeto fixo;Ignorado;Plena noite;Decrescente;Ceu Claro;Múltipla;Reta;Urbano;1;1
614153;2009-11-22;Domingo;01:30:00;SP;116;154.0;SAO JOSE DOS CAMPOS;Falta de atenção;Colisão traseira;Sem Vítimas;Plena noite;Crescente;Nublado;Dupla;Reta;Urbano;2;2
614172;2009-11-15;Domingo;17:15:00;SP;116;203.0;ARUJA;Outras;Colisão traseira;Com Vítimas Feridas;Pleno dia;Crescente;Ceu Claro;Dupla;Reta;Rural;6;5
614208;2009-11-18;Quarta;18:00:00;SP;116;139.8;SAO JOSE DOS CAMPOS;Outras;Colisão traseira;Sem Vítimas;Pleno dia;Crescente;Sol;Dupla;Reta;Urbano;2;2
614285;2009-11-22;Domingo;21:40:00;SP;116;219.0;GUARULHOS;Falta de atenção;Colisão traseira;Sem Vítimas;Plena noite;Crescente;Chuva;Múltipla;Reta;Urbano;3;3
614400;2009-11-14;Sábado;14:15:00;SP;116;155.0;SAO JOSE DOS CAMPOS;Defeito mecânico em veículo;Colisão traseira;Sem Vítimas;Pleno dia;Decrescente;Ceu Claro;Dupla;Reta;Urbano;6;6
614444;2009-11-19;Quinta;15:00:00;SP;116;138.6;SAO JOSE DOS CAMPOS;Outras;Colisão traseira;Sem Vítimas;Pleno dia;Crescente;Sol;Dupla;Reta;Rural;2;2
614451;2009-11-22;Domingo;03:10:00;SP;116;99.0;PINDAMONHANGABA;Falta de atenção;Colisão traseira;Sem Vítimas;Amanhecer;Crescente;Ceu Claro;Simples;Curva;Rural;2;2
614468;2009-11-19;Quinta;19:15:00;SP;116;109.5;TAUBATE;Outras;Saída de Pista;Sem Vítimas;Plena noite;Decrescente;Ceu Claro;Dupla;Reta;Urbano;1;1
614493;2009-11-19;Quinta;18:40:00;SP;116;144.0;SAO JOSE DOS CAMPOS;Outras;Colisão traseira;Sem Vítimas;Pleno dia;Crescente;Ceu Claro;Dupla;Reta;Urbano;2;2
614529;2009-11-19;Quinta;22:45:00;SP;116;122.8;CACAPAVA;Animais na Pista;Colisão com objeto fixo;Sem Vítimas;Plena noite;Crescente;Ceu Claro;Dupla;Reta;Urbano;2;2
614705;2009-11-23;Segunda;19:30:00;SP;116;177.6;GUARAREMA;Outras;Colisão com objeto fixo;Sem Vítimas;Plena noite;Decrescente;Chuva;Dupla;Reta;Rural;1;1
614716;2009-11-20;Sexta;16:00:00;SP;116;153.0;SAO JOSE DOS CAMPOS;Outras;Colisão traseira;Com Vítimas Feridas;Pleno dia;Crescente;Nublado;Dupla;Reta;Urbano;3;2
614736;2009-11-20;Sexta;09:00:00;SP;116;166.0;JACAREI;Outras;Colisão traseira;Sem Vítimas;Pleno dia;Decrescente;Sol;Dupla;Reta;Urbano;2;2
614822;2009-11-24;Terça;00:15:00;SP;116;221.0;GUARULHOS;Outras;Atropelamento de pessoa;Com Vítimas Fatais;Plena noite;Decrescente;Nublado;Múltipla;Reta;Urbano;2;1
614863;2009-11-22;Domingo;15:30:00;SP;116;144.6;SAO JOSE DOS CAMPOS;Outras;Queda de motocicleta / bicicleta / veículo;Sem Vítimas;Pleno dia;Crescente;Nublado;Dupla;Reta;Urbano;2;2
614904;2009-11-22;Domingo;23:02:00;SP;116;188.2;SANTA ISABEL;Outras;Colisão com objeto móvel;Sem Vítimas;Plena noite;Decrescente;Ceu Claro;Dupla;Curva;Rural;1;1
614938;2009-11-22;Domingo;20:15:00;SP;116;169.8;JACAREI;Outras;Colisão com objeto fixo;Com Vítimas Feridas;Plena noite;Crescente;Nublado;Dupla;Reta;Urbano;2;1
614949;2009-11-22;Domingo;05:10:00;SP;116;143.5;SAO JOSE DOS CAMPOS;Outras;Colisão lateral;Sem Vítimas;Amanhecer;Crescente;Ignorada;Múltipla;Reta;Urbano;2;2
614967;2009-11-21;Sábado;21:20:00;SP;116;223.0;GUARULHOS;Falta de atenção;Colisão lateral;Sem Vítimas;Plena noite;Crescente;Chuva;Dupla;Reta;Urbano;2;2
614968;2009-11-23;Segunda;03:25:00;SP;116;157.0;SAO JOSE DOS CAMPOS;Outras;Colisão lateral;Sem Vítimas;Plena noite;Decrescente;Nublado;Dupla;Reta;Urbano;2;2
614991;2009-11-21;Sábado;22:00:00;SP;116;222.0;GUARULHOS;Outras;Colisão traseira;Com Vítimas Feridas;Plena noite;Decrescente;Chuva;Múltipla;Reta;Urbano;3;3
615000;2009-11-20;Sexta;11:00:00;SP;116;196.0;ARUJA;Outras;Colisão traseira;Com Vítimas Feridas;Pleno dia;Decrescente;Ceu Claro;Dupla;Reta;Rural;3;3
615003;2009-11-23;Segunda;18:05:00;SP;116;177.4;GUARAREMA;Outras;Colisão com objeto fixo;Sem Vítimas;Pleno dia;Crescente;Chuva;Dupla;Curva;Rural;2;2
615013;2009-11-22;Domingo;02:00:00;SP;116;228.0;GUARULHOS;Outras;Colisão traseira;Sem Vítimas;Plena noite;Crescente;Nublado;Múltipla;Reta;Urbano;2;2
615031;2009-11-22;Domingo;03:00:00;SP;116;99.0;PINDAMONHANGABA;Velocidade incompatível;Colisão lateral;Com Vítimas Feridas;Plena noite;Crescente;Ceu Claro;Simples;Curva;Rural;4;2
615108;2009-11-24;Terça;15:20:00;SP;116;186.3;SANTA ISABEL;Outras;Colisão com objeto fixo;Sem Vítimas;Pleno dia;Crescente;Chuva;Dupla;Reta;Rural;1;1
615120;2009-11-14;Sábado;17:30:00;SP;116;158.0;JACAREI;Outras;Colisão com objeto móvel;Sem Vítimas;Pleno dia;Decrescente;Ceu Claro;Dupla;Reta;Urbano;2;2
615128;2009-11-24;Terça;13:55:00;SP;116;120.2;CACAPAVA;Ingestão de álcool;Colisão traseira;Sem Vítimas;Pleno dia;Crescente;Ceu Claro;Dupla;Reta;Rural;3;3
615148;2009-11-18;Quarta;23:20:00;SP;116;211.0;GUARULHOS;Dormindo;Colisão traseira;Sem Vítimas;Plena noite;Decrescente;Ceu Claro;Múltipla;Reta;Urbano;2;2
615189;2009-11-18;Quarta;21:00:00;SP;116;151.0;SAO JOSE DOS CAMPOS;Falta de atenção;Colisão lateral;Sem Vítimas;Plena noite;Crescente;Ceu Claro;Múltipla;Reta;Urbano;2;2
615256;2009-11-24;Terça;22:25:00;SP;116;138.0;SAO JOSE DOS CAMPOS;Outras;Colisão traseira;Com Vítimas Feridas;Plena noite;Crescente;Chuva;Dupla;Reta;Urbano;3;2
615266;2009-11-18;Quarta;08:10:00;SP;116;227.0;SAO PAULO;Não guardar distância de segurança;Colisão lateral;Com Vítimas Feridas;Pleno dia;Crescente;Ceu Claro;Múltipla;Reta;Urbano;3;3
615270;2009-11-19;Quinta;05:50:00;SP;116;225.0;GUARULHOS;Outras;Colisão lateral;Sem Vítimas;Amanhecer;Decrescente;Ceu Claro;Múltipla;Reta;Urbano;3;3
615334;2009-11-19;Quinta;10:25:00;SP;116;224.0;GUARULHOS;Outras;Colisão frontal;Com Vítimas Feridas;Pleno dia;Decrescente;Nublado;Múltipla;Reta;Urbano;3;2
615338;2009-11-22;Domingo;02:45:00;SP;116;120.8;CACAPAVA;Falta de atenção;Tombamento;Sem Vítimas;Plena noite;Crescente;Ceu Claro;Dupla;Reta;Urbano;1;1
615347;2009-11-22;Domingo;03:30:00;SP;116;119.6;CACAPAVA;Falta de atenção;Capotamento;Sem Vítimas;Plena noite;Decrescente;Ceu Claro;Dupla;Reta;Urbano;1;1
615357;2009-11-19;Quinta;08:00:00;SP;116;220.5;GUARULHOS;Outras;Colisão traseira;Sem Vítimas;Pleno dia;Decrescente;Nublado;Múltipla;Reta;Urbano;2;2
615368;2009-11-22;Domingo;19:00:00;SP;116;107.5;TAUBATE;Falta de atenção;Colisão lateral;Sem Vítimas;Pleno dia;Crescente;Nublado;Dupla;Reta;Urbano;3;3
615412;2009-11-23;Segunda;19:15:00;SP;116;177.6;GUARAREMA;Outras;Colisão com objeto fixo;Sem Vítimas;Anoitecer;Decrescente;Chuva;Dupla;Reta;Rural;1;1
615526;2009-11-24;Terça;11:00:00;SP;116;223.0;GUARULHOS;Falta de atenção;Atropelamento de pessoa;Com Vítimas Feridas;Pleno dia;Crescente;Ceu Claro;Múltipla;Reta;Urbano;2;1
615541;2009-11-25;Quarta;17:20:00;SP;116;219.0;GUARULHOS;Outras;Colisão lateral;Sem Vítimas;Pleno dia;Crescente;Nublado;Múltipla;Reta;Urbano;2;2
615643;2009-11-25;Quarta;23:15:00;SP;116;219.1;GUARULHOS;Outras;Colisão traseira;Sem Vítimas;Plena noite;Crescente;Chuva;Múltipla;Reta;Urbano;2;2
615708;2009-11-26;Quinta;01:58:00;SP;116;168.9;JACAREI;Outras;Tombamento;Sem Vítimas;Plena noite;Decrescente;Ceu Claro;Simples;Reta;Rural;1;1
615730;2009-11-23;Segunda;09:30:00;SP;116;213.0;GUARULHOS;Outras;Colisão traseira;Com Vítimas Feridas;Pleno dia;Decrescente;Nublado;Múltipla;Reta;Urbano;2;2
615772;2009-11-24;Terça;21:50:00;SP;116;174.0;GUARAREMA;Outras;Colisão traseira;Sem Vítimas;Plena noite;Decrescente;Chuva;Dupla;Reta;Rural;2;2
615786;2009-11-24;Terça;10:20:00;SP;116;160.5;SAO JOSE DOS CAMPOS;Outras;Colisão com objeto fixo;Sem Vítimas;Pleno dia;Decrescente;Sol;Dupla;Reta;Urbano;1;1
615813;2009-11-24;Terça;11:25:00;SP;116;158.0;SAO JOSE DOS CAMPOS;Defeito mecânico em veículo;Saída de Pista;Sem Vítimas;Pleno dia;Decrescente;Sol;Dupla;Reta;Urbano;1;1
615852;2009-11-22;Domingo;05:55:00;SP;116;180.9;SANTA ISABEL;Outras;Colisão traseira;Sem Vítimas;Amanhecer;Crescente;Ceu Claro;Múltipla;Reta;Rural;2;2
615858;2009-11-25;Quarta;17:50:00;SP;116;155.3;SAO JOSE DOS CAMPOS;Ingestão de álcool;Colisão traseira;Sem Vítimas;Pleno dia;Decrescente;Ceu Claro;Dupla;Reta;Urbano;2;2
615871;2009-01-25;Domingo;01:00:00;SP;116;155.0;SAO JOSE DOS CAMPOS;Outras;Colisão traseira;Com Vítimas Feridas;Plena noite;Crescente;Nublado;Dupla;Reta;Urbano;2;2
615892;2009-11-26;Quinta;12:30:00;SP;116;99.0;PINDAMONHANGABA;Outras;Tombamento;Com Vítimas Feridas;Pleno dia;Decrescente;Ceu Claro;Simples;Curva;Urbano;2;1
615914;2009-11-26;Quinta;11:20:00;SP;116;217.0;GUARULHOS;Falta de atenção;Colisão lateral;Com Vítimas Feridas;Pleno dia;Crescente;Ceu Claro;Múltipla;Reta;Urbano;2;2
615919;2009-11-23;Segunda;19:10:00;SP;116;223.0;GUARULHOS;Falta de atenção;Colisão traseira;Sem Vítimas;Anoitecer;Decrescente;Nublado;Múltipla;Reta;Urbano;2;2
615923;2009-11-26;Quinta;07:30:00;SP;116;145.6;SAO JOSE DOS CAMPOS;Falta de atenção;Colisão traseira;Sem Vítimas;Pleno dia;Crescente;Ceu Claro;Dupla;Reta;Urbano;3;3
616034;2009-11-25;Quarta;01:00:00;SP;116;169.0;JACAREI;Outras;Capotamento;Sem Vítimas;Plena noite;Decrescente;Nublado;Dupla;Reta;Rural;1;1
616039;2009-11-26;Quinta;01:20:00;SP;116;121.9;CACAPAVA;Outras;Colisão traseira;Com Vítimas Feridas;Plena noite;Decrescente;Ceu Claro;Dupla;Reta;Urbano;3;2
616040;2009-11-24;Terça;07:00:00;SP;116;220.0;GUARULHOS;Outras;Colisão lateral;Com Vítimas Feridas;Amanhecer;Crescente;Ceu Claro;Múltipla;Reta;Urbano;2;2
616104;2009-11-26;Quinta;17:00:00;SP;116;141.8;SAO JOSE DOS CAMPOS;Não guardar distância de segurança;Colisão traseira;Com Vítimas Feridas;Pleno dia;Crescente;Chuva;Dupla;Reta;Urbano;3;2
616117;2009-11-26;Quinta;17:20:00;SP;116;142.0;SAO JOSE DOS CAMPOS;Não guardar distância de segurança;Colisão traseira;Sem Vítimas;Pleno dia;Crescente;Chuva;Dupla;Reta;Urbano;2;2
616163;2009-11-21;Sábado;19:30:00;SP;116;183.0;SANTA ISABEL;Outras;Colisão com objeto fixo;Sem Vítimas;Anoitecer;Decrescente;Chuva;Dupla;Reta;Rural;1;1
616220;2009-11-12;Quinta;15:20:00;SP;116;217.7;GUARULHOS;Outras;Colisão traseira;Sem Vítimas;Pleno dia;Decrescente;Ceu Claro;Múltipla;Reta;Urbano;2;2
616339;2009-10-14;Quarta;12:20:00;SP;116;117.8;TAUBATE;Falta de atenção;Capotamento;Com Vítimas Feridas;Pleno dia;Crescente;Ceu Claro;Dupla;Reta;Rural;3;1
616342;2009-11-20;Sexta;13:30:00;SP;116;221.0;GUARULHOS;Falta de atenção;Colisão lateral;Sem Vítimas;Pleno dia;Crescente;Ceu Claro;Múltipla;Reta;Urbano;4;4
616392;2009-11-25;Quarta;05:45:00;SP;116;164.0;JACAREI;Outras;Saída de Pista;Com Vítimas Feridas;Amanhecer;Decrescente;Ceu Claro;Dupla;Reta;Rural;2;1
616422;2009-11-25;Quarta;07:50:00;SP;116;154.0;SAO JOSE DOS CAMPOS;Outras;Colisão lateral;Sem Vítimas;Pleno dia;Crescente;Sol;Simples;Curva;Urbano;2;2
616476;2009-11-26;Quinta;10:30:00;SP;116;221.0;GUARULHOS;Outras;Colisão lateral;Sem Vítimas;Pleno dia;Crescente;Ceu Claro;Múltipla;Reta;Urbano;2;2
616506;2009-11-27;Sexta;06:00:00;SP;116;228.0;SAO PAULO;Falta de atenção;Colisão traseira;Sem Vítimas;Amanhecer;Crescente;Nublado;Dupla;Reta;Urbano;2;2
616510;2009-11-27;Sexta;05:50:00;SP;116;220.0;GUARULHOS;Falta de atenção;Colisão traseira;Sem Vítimas;Amanhecer;Crescente;Nublado;Múltipla;Cruzamento;Urbano;2;2
616541;2009-11-24;Terça;13:45:00;SP;116;229.3;SAO PAULO;Outras;Colisão traseira;Sem Vítimas;Pleno dia;Crescente;Chuva;Múltipla;Reta;Urbano;2;2
616554;2009-11-27;Sexta;14:55:00;SP;116;124.0;CACAPAVA;Outras;Colisão lateral;Sem Vítimas;Pleno dia;Crescente;Nublado;Dupla;Reta;Urbano;2;2
616679;2009-11-23;Segunda;21:00:00;SP;116;133.0;CACAPAVA;Outras;Colisão traseira;Sem Vítimas;Plena noite;Decrescente;Ceu Claro;Dupla;Reta;Rural;3;3
616753;2009-11-27;Sexta;21:30:00;SP;116;219.0;GUARULHOS;Outras;Colisão traseira;Sem Vítimas;Plena noite;Decrescente;Chuva;Múltipla;Reta;Urbano;2;2
616909;2009-11-24;Terça;11:30:00;SP;116;227.0;SAO PAULO;Falta de atenção;Colisão traseira;Sem Vítimas;Pleno dia;Decrescente;Ceu Claro;Múltipla;Reta;Urbano;2;2
617077;2009-11-28;Sábado;10:30:00;SP;116;229.0;SAO PAULO;Outras;Colisão lateral;Sem Vítimas;Pleno dia;Crescente;Chuva;Múltipla;Reta;Urbano;2;2
617107;2009-11-25;Quarta;00:40:00;SP;116;214.1;GUARULHOS;Outras;Colisão traseira;Sem Vítimas;Plena noite;Decrescente;Chuva;Múltipla;Reta;Rural;2;2
617232;2009-11-28;Sábado;18:05:00;SP;116;212.0;GUARULHOS;Outras;Capotamento;Com Vítimas Feridas;Pleno dia;Decrescente;Nublado;Múltipla;Reta;Rural;4;1
617277;2009-11-29;Domingo;08:00:00;SP;116;109.1;TAUBATE;Outras;Colisão traseira;Sem Vítimas;Pleno dia;Decrescente;Chuva;Dupla;Reta;Urbano;3;3
617307;2009-11-29;Domingo;09:00:00;SP;116;126.0;CACAPAVA;Outras;Colisão com objeto fixo;Sem Vítimas;Pleno dia;Crescente;Chuva;Dupla;Reta;Urbano;1;1
617309;2009-11-25;Quarta;20:30:00;SP;116;140.0;SAO JOSE DOS CAMPOS;Outras;Colisão lateral;Sem Vítimas;Plena noite;Decrescente;Chuva;Dupla;Reta;Rural;2;2
617319;2009-11-29;Domingo;08:00:00;SP;116;110.0;TAUBATE;Outras;Colisão traseira;Sem Vítimas;Pleno dia;Decrescente;Chuva;Dupla;Reta;Urbano;3;3
617346;2009-11-27;Sexta;13:40:00;SP;116;159.0;JACAREI;Outras;Colisão traseira;Sem Vítimas;Pleno dia;Decrescente;Ceu Claro;Dupla;Reta;Urbano;3;3
617359;2009-11-23;Segunda;07:10:00;SP;116;218.0;GUARULHOS;Não guardar distância de segurança;Colisão lateral;Sem Vítimas;Pleno dia;Crescente;Ceu Claro;Múltipla;Reta;Urbano;2;2
617366;2009-11-27;Sexta;17:28:00;SP;116;146.0;SAO JOSE DOS CAMPOS;Outras;Queda de motocicleta / bicicleta / veículo;Com Vítimas Feridas;Pleno dia;Crescente;Ceu Claro;Dupla;Reta;Urbano;1;1
617376;2009-11-28;Sábado;08:20:00;SP;116;228.0;SAO PAULO;Falta de atenção;Colisão traseira;Sem Vítimas;Pleno dia;Crescente;Chuva;Múltipla;Reta;Urbano;2;2
617380;2009-11-28;Sábado;19:00:00;SP;116;210.0;GUARULHOS;Falta de atenção;Colisão traseira;Sem Vítimas;Plena noite;Decrescente;Chuva;Múltipla;Cruzamento;Urbano;2;2
617388;2009-11-24;Terça;15:50:00;SP;116;214.5;GUARULHOS;Defeito mecânico em veículo;Queda de motocicleta / bicicleta / veículo;Com Vítimas Feridas;Pleno dia;Decrescente;Ceu Claro;Múltipla;Reta;Urbano;2;2
617403;2009-11-28;Sábado;14:00:00;SP;116;165.0;JACAREI;Outras;Colisão com objeto fixo;Sem Vítimas;Pleno dia;Crescente;Sol;Dupla;Reta;Rural;1;1
617411;2009-11-28;Sábado;23:50:00;SP;116;161.0;JACAREI;Outras;Queda de motocicleta / bicicleta / veículo;Com Vítimas Feridas;Plena noite;Crescente;Chuva;Dupla;Curva;Rural;1;1
617431;2009-11-29;Domingo;17:00:00;SP;116;169.0;JACAREI;Outras;Colisão lateral;Sem Vítimas;Pleno dia;Crescente;Ceu Claro;Dupla;Reta;Rural;4;2
617459;2009-11-29;Domingo;06:15:00;SP;116;128.5;CACAPAVA;Outras;Colisão lateral;Sem Vítimas;Amanhecer;Crescente;Chuva;Dupla;Reta;Urbano;2;2
617486;2009-11-28;Sábado;16:00:00;SP;116;144.0;SAO JOSE DOS CAMPOS;Outras;Colisão lateral;Sem Vítimas;Pleno dia;Crescente;Sol;Dupla;Reta;Urbano;2;2
617618;2009-11-29;Domingo;12:20:00;SP;116;204.0;GUARULHOS;Não guardar distância de segurança;Colisão traseira;Sem Vítimas;Pleno dia;Decrescente;Nublado;Múltipla;Reta;Urbano;3;3
617636;2009-11-29;Domingo;15:00:00;SP;116;204.0;GUARULHOS;Não guardar distância de segurança;Colisão traseira;Com Vítimas Feridas;Pleno dia;Crescente;Nublado;Dupla;Reta;Urbano;6;4
617743;2009-11-25;Quarta;14:20:00;SP;116;192.3;SANTA ISABEL;Outras;Colisão traseira;Sem Vítimas;Pleno dia;Decrescente;Ceu Claro;Dupla;Reta;Urbano;2;2
617816;2009-11-27;Sexta;07:40:00;SP;116;225.0;GUARULHOS;Outras;Queda de motocicleta / bicicleta / veículo;Com Vítimas Feridas;Pleno dia;Crescente;Nublado;Múltipla;Reta;Urbano;2;1
617858;2009-11-26;Quinta;17:00:00;SP;116;142.3;SAO JOSE DOS CAMPOS;Falta de atenção;Colisão traseira;Sem Vítimas;Pleno dia;Crescente;Chuva;Dupla;Reta;Urbano;5;5
617903;2009-11-29;Domingo;07:26:00;SP;116;109.5;TAUBATE;Outras;Colisão com objeto fixo;Sem Vítimas;Pleno dia;Decrescente;Chuva;Dupla;Reta;Urbano;1;1
617906;2009-11-23;Segunda;00:43:00;SP;116;121.0;TAUBATE;Outras;Colisão traseira;Sem Vítimas;Plena noite;Decrescente;Nublado;Dupla;Reta;Rural;2;2
618035;2009-11-30;Segunda;16:50:00;SP;116;177.6;GUARAREMA;Outras;Saída de Pista;Sem Vítimas;Pleno dia;Crescente;Chuva;Dupla;Reta;Rural;1;1
618047;2009-11-28;Sábado;06:20:00;SP;116;226.0;GUARULHOS;Outras;Colisão com objeto fixo;Com Vítimas Feridas;Amanhecer;Decrescente;Chuva;Múltipla;Reta;Urbano;1;1
618049;2009-11-30;Segunda;17:00:00;SP;116;177.0;GUARAREMA;Falta de atenção;Colisão lateral;Sem Vítimas;Pleno dia;Decrescente;Chuva;Dupla;Reta;Rural;2;2
618110;2009-11-25;Quarta;09:00:00;SP;116;227.0;GUARULHOS;Outras;Colisão traseira;Sem Vítimas;Pleno dia;Crescente;Ceu Claro;Múltipla;Reta;Urbano;2;2
618118;2009-11-25;Quarta;12:15:00;SP;116;229.0;GUARULHOS;Outras;Colisão traseira;Sem Vítimas;Pleno dia;Crescente;Ceu Claro;Múltipla;Reta;Urbano;3;3
618126;2009-11-30;Segunda;18:50:00;SP;116;123.6;CACAPAVA;Outras;Colisão com objeto fixo;Sem Vítimas;Anoitecer;Decrescente;Ceu Claro;Dupla;Reta;Rural;1;1
618178;2009-11-30;Segunda;09:00:00;SP;116;228.0;GUARULHOS;Falta de atenção;Colisão traseira;Sem Vítimas;Pleno dia;Crescente;Ceu Claro;Dupla;Reta;Urbano;2;2
618208;2009-11-23;Segunda;00:44:00;SP;116;121.0;CACAPAVA;Não guardar distância de segurança;Colisão traseira;Sem Vítimas;Plena noite;Decrescente;Nublado;Dupla;Reta;Rural;3;3
618248;2009-11-30;Segunda;14:00:00;SP;116;116.6;TAUBATE;Outras;Colisão traseira;Sem Vítimas;Pleno dia;Crescente;Ceu Claro;Dupla;Reta;Urbano;2;2
618349;2009-09-20;Domingo;23:30:00;SP;116;214.0;GUARULHOS;Falta de atenção;Colisão traseira;Sem Vítimas;Plena noite;Decrescente;Nublado;Dupla;Reta;Urbano;2;2
618416;2009-11-28;Sábado;22:45:00;SP;116;131.0;CACAPAVA;Outras;Atropelamento de pessoa;Com Vítimas Fatais;Plena noite;Decrescente;Chuva;Dupla;Reta;Urbano;2;1
618498;2009-11-29;Domingo;17:30:00;SP;116;196.0;ARUJA;Não guardar distância de segurança;Colisão traseira;Sem Vítimas;Pleno dia;Crescente;Chuva;Dupla;Reta;Rural;3;3
618529;2009-11-29;Domingo;19:20:00;SP;116;198.0;ARUJA;Velocidade incompatível;Tombamento;Com Vítimas Feridas;Anoitecer;Decrescente;Chuva;Dupla;Curva;Rural;1;1
618537;2009-11-27;Sexta;19:30:00;SP;116;121.6;CACAPAVA;Outras;Colisão lateral;Sem Vítimas;Plena noite;Crescente;Chuva;Dupla;Reta;Rural;2;2
618558;2009-12-01;Terça;12:00:00;SP;116;216.5;GUARULHOS;Falta de atenção;Colisão traseira;Com Vítimas Feridas;Pleno dia;Decrescente;Chuva;Múltipla;Reta;Urbano;2;2
618670;2009-12-01;Terça;17:50:00;SP;116;142.9;SAO JOSE DOS CAMPOS;Outras;Colisão traseira;Sem Vítimas;Pleno dia;Crescente;Ceu Claro;Dupla;Reta;Urbano;2;2
618681;2009-12-01;Terça;08:55:00;SP;116;134.5;SAO JOSE DOS CAMPOS;Outras;Colisão lateral;Sem Vítimas;Pleno dia;Crescente;Ceu Claro;Dupla;Reta;Rural;2;2
618682;2009-11-28;Sábado;08:15:00;SP;116;101.8;PINDAMONHANGABA;Outras;Colisão com objeto fixo;Sem Vítimas;Amanhecer;Crescente;Nublado;Dupla;Reta;Rural;1;1
618693;2009-12-01;Terça;13:36:00;SP;116;139.1;SAO JOSE DOS CAMPOS;Outras;Colisão traseira;Com Vítimas Feridas;Pleno dia;Decrescente;Sol;Dupla;Reta;Rural;2;2
618699;2009-12-01;Terça;19:53:00;SP;116;112.0;TAUBATE;Defeito mecânico em veículo;Queda de motocicleta / bicicleta / veículo;Com Vítimas Feridas;Plena noite;Decrescente;Nublado;Dupla;Reta;Urbano;2;2
618734;2009-11-12;Quinta;07:56:00;SP;116;217.0;GUARULHOS;Outras;Queda de motocicleta / bicicleta / veículo;Com Vítimas Feridas;Amanhecer;Crescente;Ceu Claro;Múltipla;Reta;Urbano;1;1
618762;2009-12-01;Terça;11:50:00;SP;116;227.0;GUARULHOS;Outras;Colisão com objeto fixo;Sem Vítimas;Pleno dia;Decrescente;Nublado;Múltipla;Reta;Urbano;1;1
618814;2009-11-26;Quinta;07:05:00;SP;116;222.0;GUARULHOS;Outras;Colisão traseira;Sem Vítimas;Pleno dia;Crescente;Ceu Claro;Múltipla;Reta;Urbano;2;2
618830;2009-11-27;Sexta;19:40:00;SP;116;145.0;SAO JOSE DOS CAMPOS;Outras;Colisão traseira;Com Vítimas Feridas;Plena noite;Decrescente;Chuva;Dupla;Reta;Urbano;2;2
618832;2009-11-26;Quinta;21:40:00;SP;116;219.0;GUARULHOS;Outras;Colisão traseira;Sem Vítimas;Plena noite;Decrescente;Ceu Claro;Múltipla;Reta;Urbano;4;4
618852;2009-11-30;Segunda;18:20:00;SP;116;156.3;SAO JOSE DOS CAMPOS;Não guardar distância de segurança;Colisão traseira;Sem Vítimas;Pleno dia;Decrescente;Sol;Dupla;Reta;Urbano;3;3
618982;2009-11-30;Segunda;17:40:00;SP;116;111.1;CACAPAVA;Outras;Colisão traseira;Sem Vítimas;Pleno dia;Decrescente;Ceu Claro;Dupla;Reta;Urbano;2;2