id;data_inversa;dia_semana;horario;uf;br;km;municipio;causa_acidente;tipo_acidente;classificacao_acidente;fase_dia;sentido_via;condicao_metereologica;tipo_pista;tracado_via;uso_solo;pessoas;veiculos
625829;2009-12-12;Sábado;01:30:00;SP;116;120.0;CACAPAVA;Outras;Colisão com objeto fixo;Sem Vítimas;Plena noite;Decrescente;Ceu Claro;Dupla;Reta;Rural;1;1
626026;2009-12-12;Sábado;14:00:00;SP;116;227.8;GUARULHOS;Outras;Colisão traseira;Sem Vítimas;Plena noite;Decrescente;Chuva;Dupla;Reta;Urbano;2;2
626154;2009-12-08;Terça;21:10:00;SP;116;213.0;GUARULHOS;Dormindo;Colisão lateral;Sem Vítimas;Plena noite;Decrescente;Chuva;Múltipla;Reta;Urbano;2;2
626160;2009-12-11;Sexta;17:10:00;SP;116;157.8;SAO JOSE DOS CAMPOS;Outras;Colisão traseira;Com Vítimas Feridas;Pleno dia;Decrescente;Chuva;Dupla;Reta;Urbano;2;2
626169;2009-12-12;Sábado;15:45:00;SP;116;144.0;SAO JOSE DOS CAMPOS;Falta de atenção;Colisão lateral;Sem Vítimas;Pleno dia;Crescente;Sol;Dupla;Reta;Urbano;2;2
626184;2009-12-12;Sábado;05:30:00;SP;116;158.0;JACAREI;Outras;Colisão com objeto fixo;Ignorado;Plena noite;Crescente;Chuva;Dupla;Curva;Urbano;1;1
626189;2009-12-11;Sexta;08:13:00;SP;116;215.6;GUARULHOS;Falta de atenção;Colisão lateral;Com Vítimas Feridas;Pleno dia;Crescente;Ceu Claro;Múltipla;Reta;Urbano;2;2
626191;2009-12-12;Sábado;06:45:00;SP;116;123.0;TAUBATE;Outras;Colisão traseira;Com Vítimas Feridas;Pleno dia;Crescente;Nublado;Dupla;Reta;Rural;2;2
626196;2009-12-12;Sábado;13:15:00;SP;116;156.8;SAO JOSE DOS CAMPOS;Outras;Colisão com objeto fixo;Sem Vítimas;Pleno dia;Crescente;Sol;Dupla;Reta;Urbano;2;2
626227;2009-12-15;Terça;14:50:00;SP;116;141.1;SAO JOSE DOS CAMPOS;Outras;Colisão traseira;Sem Vítimas;Pleno dia;Crescente;Sol;Dupla;Reta;Urbano;2;2
626309;2009-12-15;Terça;15:20:00;SP;116;101.5;PINDAMONHANGABA;Outras;Colisão lateral;Com Vítimas Fatais;Pleno dia;Decrescente;Sol;Dupla;Reta;Rural;2;2
626370;2009-12-08;Terça;15:00:00;SP;116;165.0;JACAREI;Falta de atenção;Colisão traseira;Sem Vítimas;Pleno dia;Decrescente;Nublado;Múltipla;Reta;Rural;2;2
626415;2009-12-13;Domingo;18:10:00;SP;116;154.0;SAO JOSE DOS CAMPOS;Não guardar distância de segurança;Colisão traseira;Sem Vítimas;Pleno dia;Crescente;Chuva;Dupla;Reta;Rural;2;2
626418;2009-12-10;Quinta;19:40:00;SP;116;217.8;GUARULHOS;Falta de atenção;Colisão lateral;Sem Vítimas;Anoitecer;Decrescente;Nublado;Múltipla;Reta;Urbano;2;2
626437;2009-12-08;Terça;15:39:00;SP;116;149.0;SAO JOSE DOS CAMPOS;Não guardar distância de segurança;Colisão traseira;Sem Vítimas;Pleno dia;Decrescente;Nublado;Múltipla;Reta;Urbano;2;2
626605;2009-12-10;Quinta;15:25:00;SP;116;226.8;GUARULHOS;Falta de atenção;Colisão lateral;Sem Vítimas;Pleno dia;Crescente;Ceu Claro;Múltipla;Curva;Urbano;2;2
626630;2009-12-12;Sábado;09:15:00;SP;116;168.0;JACAREI;Outras;Colisão com objeto móvel;Com Vítimas Feridas;Pleno dia;Decrescente;Sol;Dupla;Curva;Rural;1;1
626662;2009-12-13;Domingo;06:40:00;SP;116;228.0;SAO PAULO;Outras;Colisão traseira;Sem Vítimas;Amanhecer;Decrescente;Nublado;Múltipla;Reta;Urbano;2;2
626682;2009-12-15;Terça;17:35:00;SP;116;109.9;PINDAMONHANGABA;Outras;Tombamento;Com Vítimas Feridas;Pleno dia;Crescente;Nublado;Dupla;Reta;Urbano;2;1
626685;2009-12-16;Quarta;13:20:00;SP;116;121.5;CACAPAVA;Falta de atenção;Colisão com objeto fixo;Sem Vítimas;Pleno dia;Crescente;Nublado;Dupla;Reta;Rural;1;1
626733;2009-12-16;Quarta;11:30:00;SP;116;217.5;GUARULHOS;Não guardar distância de segurança;Colisão traseira;Sem Vítimas;Pleno dia;Crescente;Sol;Múltipla;Reta;Urbano;4;4
626761;2009-12-16;Quarta;18:20:00;SP;116;137.9;SAO JOSE DOS CAMPOS;Outras;Colisão traseira;Sem Vítimas;Pleno dia;Crescente;Nublado;Dupla;Reta;Rural;2;2
626764;2009-12-12;Sábado;19:30:00;SP;116;229.0;SAO PAULO;Outras;Colisão traseira;Sem Vítimas;Anoitecer;Crescente;Chuva;Múltipla;Reta;Urbano;4;4
626766;2009-12-14;Segunda;08:10:00;SP;116;145.0;SAO JOSE DOS CAMPOS;Outras;Colisão traseira;Sem Vítimas;Amanhecer;Crescente;Nublado;Dupla;Reta;Rural;2;2
626781;2009-12-16;Quarta;17:30:00;SP;116;173.0;JACAREI;Outras;Saída de Pista;Sem Vítimas;Pleno dia;Crescente;Chuva;Dupla;Reta;Rural;1;1
626814;2009-12-16;Quarta;19:10:00;SP;116;114.9;TAUBATE;Outras;Capotamento;Ignorado;Anoitecer;Decrescente;Ceu Claro;Dupla;Reta;Urbano;1;1
626898;2009-12-14;Segunda;20:00:00;SP;116;143.3;SAO JOSE DOS CAMPOS;Outras;Colisão traseira;Sem Vítimas;Pleno dia;Crescente;Ceu Claro;Múltipla;Reta;Urbano;2;2
626922;2009-12-15;Terça;13:00:00;SP;116;121.5;CACAPAVA;Outras;Colisão traseira;Sem Vítimas;Pleno dia;Crescente;Sol;Dupla;Reta;Urbano;3;3
626926;2009-12-15;Terça;05:00:00;SP;116;166.2;JACAREI;Defeito mecânico em veículo;Colisão com objeto móvel;Sem Vítimas;Plena noite;Decrescente;Ceu Claro;Dupla;Reta;Urbano;2;2
626938;2009-11-28;Sábado;03:45:00;SP;116;206.8;GUARULHOS;Outras;Colisão lateral;Sem Vítimas;Plena noite;Crescente;Chuva;Dupla;Reta;Urbano;2;2
626974;2009-12-12;Sábado;07:15:00;SP;116;138.0;SAO JOSE DOS CAMPOS;Falta de atenção;Colisão lateral;Sem Vítimas;Amanhecer;Crescente;Chuva;Dupla;Reta;Urbano;2;2
626980;2009-11-01;Domingo;07:10:00;SP;116;144.6;SAO JOSE DOS CAMPOS;Outras;Colisão traseira;Sem Vítimas;Pleno dia;Crescente;Ceu Claro;Dupla;Reta;Urbano;2;2
626992;2009-11-05;Quinta;07:00:00;SP;116;218.0;GUARULHOS;Falta de atenção;Colisão lateral;Com Vítimas Feridas;Pleno dia;Crescente;Ceu Claro;Múltipla;Cruzamento;Urbano;2;2
627000;2009-12-14;Segunda;10:30:00;SP;116;210.0;GUARULHOS;Outras;Colisão traseira;Sem Vítimas;Pleno dia;Crescente;Nublado;Múltipla;Reta;Urbano;2;2
627001;2009-12-11;Sexta;10:20:00;SP;116;228.0;SAO PAULO;Não guardar distância de segurança;Colisão lateral;Sem Vítimas;Pleno dia;Crescente;Nublado;Múltipla;Reta;Urbano;2;2
627016;2009-10-23;Sexta;18:30:00;SP;116;223.0;GUARULHOS;Outras;Colisão traseira;Com Vítimas Feridas;Plena noite;Decrescente;Ceu Claro;Múltipla;Reta;Urbano;2;2
627020;2009-12-15;Terça;17:40:00;SP;116;209.0;GUARULHOS;Falta de atenção;Colisão traseira;Sem Vítimas;Anoitecer;Crescente;Chuva;Dupla;Reta;Urbano;3;3
627028;2009-12-15;Terça;21:30:00;SP;116;178.0;GUARAREMA;Outras;Atropelamento de pessoa;Com Vítimas Fatais;Plena noite;Decrescente;Chuva;Dupla;Reta;Rural;4;3
627069;2009-12-17;Quinta;07:30:00;SP;116;227.0;GUARULHOS;Falta de atenção;Colisão traseira;Com Vítimas Feridas;Pleno dia;Crescente;Ceu Claro;Dupla;Reta;Urbano;2;2
627070;2009-12-14;Segunda;02:45:00;SP;116;147.5;SAO JOSE DOS CAMPOS;Outras;Colisão traseira;Com Vítimas Feridas;Plena noite;Crescente;Chuva;Dupla;Reta;Urbano;2;2
627177;2009-12-16;Quarta;13:15:00;SP;116;168.0;JACAREI;Outras;Colisão lateral;Sem Vítimas;Pleno dia;Crescente;Nublado;Dupla;Reta;Urbano;2;2
627265;2009-12-17;Quinta;18:45:00;SP;116;110.4;TAUBATE;Não guardar distância de segurança;Colisão traseira;Sem Vítimas;Anoitecer;Decrescente;Nublado;Dupla;Reta;Urbano;2;2
627309;2009-12-15;Terça;17:00:00;SP;116;223.0;GUARULHOS;Falta de atenção;Colisão traseira;Sem Vítimas;Pleno dia;Crescente;Sol;Simples;Reta;Urbano;3;3
627463;2009-12-15;Terça;16:45:00;SP;116;99.0;PINDAMONHANGABA;Outras;Tombamento;Com Vítimas Fatais;Pleno dia;Crescente;Ceu Claro;Simples;Curva;Urbano;2;2
627572;2009-12-16;Quarta;17:10:00;SP;116;145.0;SAO JOSE DOS CAMPOS;Não guardar distância de segurança;Colisão traseira;Sem Vítimas;Pleno dia;Crescente;Ceu Claro;Dupla;Reta;Urbano;4;4
627590;2009-12-18;Sexta;08:45:00;SP;116;140.2;SAO JOSE DOS CAMPOS;Outras;Colisão traseira;Sem Vítimas;Pleno dia;Crescente;Ceu Claro;Dupla;Reta;Urbano;4;4
627599;2009-12-14;Segunda;21:30:00;SP;116;107.1;TAUBATE;Outras;Queda de motocicleta / bicicleta / veículo;Com Vítimas Feridas;Plena noite;Decrescente;Ceu Claro;Dupla;Reta;Urbano;1;1
627629;2009-12-17;Quinta;17:30:00;SP;116;172.7;GUARAREMA;Outras;Colisão com objeto fixo;Sem Vítimas;Pleno dia;Crescente;Ceu Claro;Simples;Reta;Urbano;1;1
627780;2009-12-14;Segunda;07:00:00;SP;116;220.4;GUARULHOS;Falta de atenção;Colisão lateral;Com Vítimas Feridas;Pleno dia;Crescente;Nublado;Múltipla;Reta;Urbano;2;2
627782;2009-12-15;Terça;03:30:00;SP;116;210.0;GUARULHOS;Outras;Colisão lateral;Sem Vítimas;Plena noite;Decrescente;Chuva;Dupla;Reta;Urbano;2;2
627909;2009-12-18;Sexta;23:55:00;SP;116;208.3;GUARULHOS;Outras;Saída de Pista;Sem Vítimas;Plena noite;Decrescente;Chuva;Dupla;Reta;Urbano;1;1
627995;2009-12-18;Sexta;18:00:00;SP;116;218.9;GUARULHOS;Outras;Colisão lateral;Sem Vítimas;Pleno dia;Decrescente;Ceu Claro;Múltipla;Reta;Urbano;2;2
627999;2009-12-18;Sexta;13:00:00;SP;116;228.5;SAO PAULO;Falta de atenção;Colisão lateral;Com Vítimas Feridas;Pleno dia;Crescente;Ceu Claro;Múltipla;Reta;Urbano;3;2
628003;2009-12-19;Sábado;05:30:00;SP;116;109.0;TAUBATE;Dormindo;Colisão traseira;Sem Vítimas;Pleno dia;Crescente;Ceu Claro;Dupla;Reta;Urbano;2;2
628011;2009-12-15;Terça;16:00:00;SP;116;228.0;SAO PAULO;Falta de atenção;Colisão traseira;Sem Vítimas;Pleno dia;Crescente;Nublado;Dupla;Reta;Urbano;3;3
628169;2009-12-19;Sábado;11:45:00;SP;116;136.8;SAO JOSE DOS CAMPOS;Outras;Colisão traseira;Sem Vítimas;Pleno dia;Crescente;Sol;Dupla;Reta;Rural;2;2
628202;2009-12-15;Terça;14:30:00;SP;116;101.5;PINDAMONHANGABA;Outras;Colisão traseira;Sem Vítimas;Pleno dia;Decrescente;Sol;Dupla;Reta;Rural;5;5
628272;2009-12-13;Domingo;15:45:00;SP;116;186.0;SANTA ISABEL;Outras;Colisão traseira;Sem Vítimas;Pleno dia;Crescente;Chuva;Dupla;Curva;Rural;2;2
628284;2009-12-19;Sábado;18:00:00;SP;116;144.4;SAO JOSE DOS CAMPOS;Outras;Colisão traseira;Sem Vítimas;Pleno dia;Crescente;Ceu Claro;Dupla;Reta;Urbano;5;5
628381;2009-12-19;Sábado;19:30:00;SP;116;145.8;SAO JOSE DOS CAMPOS;Outras;Colisão traseira;Sem Vítimas;Plena noite;Crescente;Ceu Claro;Dupla;Reta;Urbano;3;3
628392;2009-12-12;Sábado;12:00:00;SP;116;229.0;SAO PAULO;Não guardar distância de segurança;Colisão lateral;Com Vítimas Feridas;Pleno dia;Crescente;Nublado;Múltipla;Reta;Urbano;3;3
628397;2009-12-19;Sábado;18:15:00;SP;116;203.7;ARUJA;Falta de atenção;Colisão traseira;Sem Vítimas;Pleno dia;Crescente;Sol;Dupla;Reta;Urbano;3;3
628530;2009-12-20;Domingo;05:50:00;SP;116;184.5;SANTA ISABEL;Falta de atenção;Colisão com objeto fixo;Sem Vítimas;Amanhecer;Decrescente;Ceu Claro;Dupla;Curva;Rural;1;1
628564;2009-12-17;Quinta;05:20:00;SP;116;102.9;PINDAMONHANGABA;Outras;Colisão traseira;Sem Vítimas;Amanhecer;Crescente;Ceu Claro;Dupla;Reta;Rural;2;2
628585;2009-12-20;Domingo;07:30:00;SP;116;117.5;TAUBATE;Outras;Colisão com objeto fixo;Sem Vítimas;Pleno dia;Decrescente;Sol;Dupla;Reta;Rural;1;1
628751;2009-12-19;Sábado;15:40:00;SP;116;129.0;CACAPAVA;Outras;Derramamento de Carga;Sem Vítimas;Pleno dia;Crescente;Ceu Claro;Dupla;Reta;Urbano;2;2
628763;2009-12-19;Sábado;04:45:00;SP;116;209.8;GUARULHOS;Ingestão de álcool;Colisão traseira;Sem Vítimas;Plena noite;Decrescente;Ceu Claro;Múltipla;Cruzamento;Urbano;3;2
628867;2009-12-12;Sábado;11:00:00;SP;116;195.8;ARUJA;Falta de atenção;Colisão traseira;Sem Vítimas;Pleno dia;Decrescente;Ceu Claro;Dupla;Reta;Urbano;2;2
628868;2009-12-20;Domingo;15:35:00;SP;116;144.0;SAO JOSE DOS CAMPOS;Velocidade incompatível;Colisão traseira;Sem Vítimas;Pleno dia;Crescente;Sol;Dupla;Reta;Urbano;2;2
628875;2009-12-18;Sexta;20:30:00;SP;116;226.7;GUARULHOS;Outras;Colisão traseira;Com Vítimas Feridas;Plena noite;Crescente;Ceu Claro;Múltipla;Reta;Urbano;2;2
628881;2009-12-17;Quinta;08:00:00;SP;116;176.0;GUARAREMA;Outras;Colisão traseira;Com Vítimas Feridas;Pleno dia;Crescente;Ceu Claro;Dupla;Curva;Rural;3;2
628896;2009-12-12;Sábado;14:40:00;SP;116;216.8;GUARULHOS;Não guardar distância de segurança;Colisão traseira;Sem Vítimas;Pleno dia;Decrescente;Ceu Claro;Múltipla;Reta;Urbano;5;5
628936;2009-12-17;Quinta;17:45:00;SP;116;157.0;SAO JOSE DOS CAMPOS;Outras;Colisão traseira;Sem Vítimas;Pleno dia;Crescente;Nublado;Dupla;Reta;Rural;3;3
628976;2009-12-20;Domingo;11:20:00;SP;116;227.0;GUARULHOS;Outras;Colisão com objeto móvel;Sem Vítimas;Pleno dia;Crescente;Ceu Claro;Múltipla;Reta;Urbano;1;1
629118;2009-12-18;Sexta;20:50:00;SP;116;226.7;GUARULHOS;Outras;Atropelamento de pessoa;Com Vítimas Feridas;Plena noite;Crescente;Nublado;Múltipla;Reta;Urbano;2;1
629119;2009-12-20;Domingo;18:25:00;SP;116;180.0;GUARAREMA;Outras;Colisão traseira;Sem Vítimas;Pleno dia;Crescente;Ceu Claro;Múltipla;Reta;Rural;2;2
629210;2009-12-17;Quinta;17:45:00;SP;116;182.0;SANTA ISABEL;Outras;Colisão com objeto móvel;Sem Vítimas;Pleno dia;Decrescente;Sol;Dupla;Reta;Rural;1;1
629227;2009-12-18;Sexta;21:00:00;SP;116;156.5;SAO JOSE DOS CAMPOS;Outras;Colisão traseira;Sem Vítimas;Plena noite;Decrescente;Ceu Claro;Dupla;Reta;Urbano;2;2
629389;2009-12-15;Terça;18:40:00;SP;116;209.0;GUARULHOS;Outras;Saída de Pista;Sem Vítimas;Pleno dia;Crescente;Chuva;Múltipla;Reta;Urbano;1;1
629453;2009-12-20;Domingo;05:00:00;SP;116;227.0;SAO PAULO;Não guardar distância de segurança;Colisão traseira;Sem Vítimas;Amanhecer;Decrescente;Ceu Claro;Múltipla;Reta;Urbano;3;3
629480;2009-12-16;Quarta;20:55:00;SP;116;148.0;SAO JOSE DOS CAMPOS;Outras;Colisão lateral;Sem Vítimas;Plena noite;Decrescente;Ceu Claro;Dupla;Reta;Urbano;2;2
629508;2009-12-18;Sexta;19:25:00;SP;116;144.3;SAO JOSE DOS CAMPOS;Outras;Colisão traseira;Sem Vítimas;Pleno dia;Crescente;Ceu Claro;Dupla;Reta;Urbano;4;4
629544;2009-12-20;Domingo;03:30:00;SP;116;130.0;CACAPAVA;Outras;Colisão traseira;Com Vítimas Feridas;Plena noite;Crescente;Ceu Claro;Dupla;Reta;Urbano;6;3
629568;2009-12-18;Sexta;03:45:00;SP;116;111.5;TAUBATE;Outras;Colisão traseira;Com Vítimas Feridas;Plena noite;Decrescente;Ceu Claro;Dupla;Reta;Urbano;3;2
629598;2009-12-20;Domingo;19:35:00;SP;116;144.0;SAO JOSE DOS CAMPOS;Não guardar distância de segurança;Colisão traseira;Sem Vítimas;Anoitecer;Crescente;Ceu Claro;Dupla;Reta;Urbano;3;3
629611;2009-12-21;Segunda;16:30:00;SP;116;224.0;GUARULHOS;Não guardar distância de segurança;Colisão traseira;Com Vítimas Feridas;Pleno dia;Decrescente;Ceu Claro;Dupla;Reta;Urbano;3;3
629624;2009-12-17;Quinta;15:20:00;SP;116;160.5;JACAREI;Outras;Colisão lateral;Com Vítimas Feridas;Pleno dia;Crescente;Sol;Dupla;Reta;Urbano;2;2
629632;2009-12-20;Domingo;17:20:00;SP;116;144.8;SAO JOSE DOS CAMPOS;Não guardar distância de segurança;Colisão traseira;Sem Vítimas;Pleno dia;Crescente;Sol;Dupla;Reta;Urbano;4;4
629640;2009-12-16;Quarta;11:54:00;SP;116;204.0;ARUJA;Outras;Colisão com objeto fixo;Sem Vítimas;Pleno dia;Decrescente;Ceu Claro;Múltipla;Reta;Urbano;1;1
629673;2009-12-14;Segunda;15:20:00;SP;116;160.5;JACAREI;Outras;Colisão com objeto móvel;Sem Vítimas;Pleno dia;Decrescente;Ceu Claro;Dupla;Reta;Urbano;1;1
629763;2009-12-21;Segunda;19:00:00;SP;116;224.0;GUARULHOS;Não guardar distância de segurança;Colisão traseira;Sem Vítimas;Pleno dia;Decrescente;Ceu Claro;Múltipla;Reta;Urbano;2;2
629797;2009-12-19;Sábado;06:00:00;SP;116;127.0;CACAPAVA;Defeito mecânico em veículo;Colisão com objeto fixo;Sem Vítimas;Amanhecer;Decrescente;Ceu Claro;Dupla;Reta;Urbano;1;1
629810;2009-12-18;Sexta;16:40:00;SP;116;143.0;SAO JOSE DOS CAMPOS;Outras;Colisão com objeto fixo;Sem Vítimas;Pleno dia;Decrescente;Sol;Dupla;Reta;Urbano;2;2
629817;2009-12-19;Sábado;06:40:00;SP;116;181.0;SAO JOSE DOS CAMPOS;Outras;Colisão com objeto móvel;Sem Vítimas;Pleno dia;Crescente;Ceu Claro;Múltipla;Reta;Rural;1;1
629835;2009-12-19;Sábado;14:40:00;SP;116;193.0;SANTA ISABEL;Outras;Colisão traseira;Sem Vítimas;Pleno dia;Decrescente;Sol;Dupla;Reta;Rural;2;2
629861;2009-12-16;Quarta;13:30:00;SP;116;196.0;ARUJA;Não guardar distância de segurança;Colisão traseira;Sem Vítimas;Pleno dia;Decrescente;Ceu Claro;Dupla;Reta;Urbano;2;2
629889;2009-12-16;Quarta;17:45:00;SP;116;204.0;ARUJA;Outras;Colisão traseira;Sem Vítimas;Anoitecer;Crescente;Chuva;Dupla;Reta;Urbano;3;3
629911;2009-12-20;Domingo;02:50:00;SP;116;119.8;CACAPAVA;Dormindo;Colisão traseira;Com Vítimas Feridas;Amanhecer;Decrescente;Ceu Claro;Dupla;Reta;Rural;4;2
629944;2009-12-17;Quinta;00:40:00;SP;116;197.0;ARUJA;Dormindo;Colisão lateral;Sem Vítimas;Plena noite;Decrescente;Ceu Claro;Múltipla;Reta;Rural;2;2
630102;2009-12-19;Sábado;14:45:00;SP;116;193.0;SANTA ISABEL;Outras;Colisão traseira;Sem Vítimas;Pleno dia;Decrescente;Ceu Claro;Dupla;Reta;Rural;2;2
630176;2009-12-22;Terça;18:00:00;SP;116;217.0;GUARULHOS;Falta de atenção;Colisão lateral;Sem Vítimas;Pleno dia;Decrescente;Ceu Claro;Múltipla;Reta;Urbano;2;2
630181;2009-12-21;Segunda;19:45:00;SP;116;145.0;SAO JOSE DOS CAMPOS;Outras;Colisão lateral;Sem Vítimas;Plena noite;Crescente;Ceu Claro;Dupla;Reta;Urbano;2;2
630215;2009-12-22;Terça;17:40:00;SP;116;112.3;TAUBATE;Outras;Colisão traseira;Sem Vítimas;Pleno dia;Decrescente;Ceu Claro;Dupla;Reta;Urbano;3;3
630279;2009-12-20;Domingo;04:20:00;SP;116;108.9;TAUBATE;Outras;Colisão com objeto fixo;Sem Vítimas;Amanhecer;Decrescente;Ceu Claro;Dupla;Reta;Urbano;1;1
630400;2009-12-18;Sexta;15:00:00;SP;116;225.0;GUARULHOS;Outras;Colisão lateral;Com Vítimas Feridas;Pleno dia;Decrescente;Ceu Claro;Múltipla;Reta;Urbano;2;2
630414;2009-12-20;Domingo;18:40:00;SP;116;144.3;SAO JOSE DOS CAMPOS;Não guardar distância de segurança;Colisão traseira;Sem Vítimas;Pleno dia;Crescente;Sol;Dupla;Reta;Urbano;4;4
630421;2009-12-20;Domingo;18:05:00;SP;116;156.8;SAO JOSE DOS CAMPOS;Não guardar distância de segurança;Colisão traseira;Sem Vítimas;Pleno dia;Decrescente;Sol;Dupla;Reta;Urbano;2;2
630473;2009-12-22;Terça;13:00:00;SP;116;226.0;GUARULHOS;Falta de atenção;Colisão traseira;Com Vítimas Feridas;Pleno dia;Decrescente;Ceu Claro;Múltipla;Reta;Urbano;2;2
630483;2009-12-22;Terça;10:40:00;SP;116;229.8;SAO PAULO;Falta de atenção;Colisão lateral;Sem Vítimas;Pleno dia;Crescente;Sol;Múltipla;Reta;Urbano;2;2
630486;2009-12-23;Quarta;03:00:00;SP;116;219.0;GUARULHOS;Outras;Queda de motocicleta / bicicleta / veículo;Com Vítimas Feridas;Plena noite;Decrescente;Ceu Claro;Simples;Curva;Urbano;1;1
630504;2009-12-21;Segunda;14:00:00;SP;116;148.0;SAO JOSE DOS CAMPOS;Outras;Colisão traseira;Sem Vítimas;Pleno dia;Crescente;Ceu Claro;Dupla;Reta;Urbano;2;2
630543;2009-12-22;Terça;00:10:00;SP;116;144.0;SAO JOSE DOS CAMPOS;Falta de atenção;Colisão traseira;Sem Vítimas;Plena noite;Crescente;Ceu Claro;Dupla;Reta;Urbano;5;5
630586;2009-12-19;Sábado;18:14:00;SP;116;142.7;SAO JOSE DOS CAMPOS;Outras;Colisão traseira;Com Vítimas Feridas;Pleno dia;Crescente;Sol;Dupla;Reta;Urbano;2;2
630608;2009-12-20;Domingo;21:00:00;SP;116;151.0;SAO JOSE DOS CAMPOS;Ingestão de álcool;Capotamento;Com Vítimas Feridas;Anoitecer;Decrescente;Ceu Claro;Dupla;Reta;Urbano;1;1
630770;2009-12-19;Sábado;19:10:00;SP;116;108.7;TAUBATE;Outras;Colisão traseira;Com Vítimas Feridas;Anoitecer;Decrescente;Ceu Claro;Dupla;Reta;Urbano;4;4
630794;2009-12-22;Terça;17:45:00;SP;116;165.0;JACAREI;Falta de atenção;Colisão traseira;Sem Vítimas;Plena noite;Crescente;Ceu Claro;Múltipla;Reta;Urbano;2;2
630798;2009-12-18;Sexta;05:35:00;SP;116;211.0;GUARULHOS;Outras;Saída de Pista;Sem Vítimas;Plena noite;Crescente;Nublado;Múltipla;Reta;Urbano;1;1
630812;2009-12-20;Domingo;01:50:00;SP;116;118.2;TAUBATE;Outras;Colisão traseira;Com Vítimas Feridas;Plena noite;Decrescente;Ceu Claro;Dupla;Reta;Rural;2;2
630863;2009-12-23;Quarta;00:49:00;SP;116;129.3;CACAPAVA;Outras;Colisão traseira;Com Vítimas Feridas;Plena noite;Decrescente;Ceu Claro;Dupla;Reta;Urbano;3;2
630911;2009-12-17;Quinta;22:20:00;SP;116;222.0;GUARULHOS;Outras;Colisão com objeto fixo;Com Vítimas Feridas;Plena noite;Crescente;Chuva;Múltipla;Reta;Urbano;1;1
630917;2009-12-23;Quarta;19:30:00;SP;116;123.0;CACAPAVA;Outras;Capotamento;Sem Vítimas;Anoitecer;Decrescente;Chuva;Dupla;Reta;Urbano;1;1
631016;2009-12-23;Quarta;11:50:00;SP;116;199.0;ARUJA;Falta de atenção;Colisão traseira;Sem Vítimas;Pleno dia;Crescente;Ceu Claro;Múltipla;Reta;Rural;3;3
631149;2009-12-23;Quarta;21:15:00;SP;116;119.6;CACAPAVA;Outras;Saída de Pista;Sem Vítimas;Plena noite;Decrescente;Nublado;Dupla;Reta;Rural;1;1
631237;2009-12-21;Segunda;09:00:00;SP;116;165.0;JACAREI;Outras;Colisão traseira;Com Vítimas Feridas;Pleno dia;Decrescente;Ceu Claro;Dupla;Reta;Urbano;2;2
631313;2009-12-20;Domingo;15:20:00;SP;116;112.3;TAUBATE;Outras;Queda de motocicleta / bicicleta / veículo;Com Vítimas Feridas;Pleno dia;Crescente;Sol;Simples;Curva;Rural;2;2
631320;2009-12-21;Segunda;15:20:00;SP;116;144.0;SAO JOSE DOS CAMPOS;Outras;Colisão traseira;Sem Vítimas;Pleno dia;Crescente;Sol;Dupla;Reta;Urbano;3;3
631363;2009-12-21;Segunda;07:00:00;SP;116;220.0;GUARULHOS;Outras;Queda de motocicleta / bicicleta / veículo;Com Vítimas Feridas;Pleno dia;Crescente;Ceu Claro;Múltipla;Reta;Urbano;2;1
631405;2009-12-24;Quinta;12:40:00;SP;116;169.0;JACAREI;Defeito mecânico em veículo;Capotamento;Sem Vítimas;Pleno dia;Crescente;Ceu Claro;Dupla;Reta;Urbano;1;1
631411;2009-12-16;Quarta;19:00:00;SP;116;213.0;GUARULHOS;Falta de atenção;Colisão traseira;Sem Vítimas;Anoitecer;Decrescente;Ceu Claro;Dupla;Reta;Urbano;2;2
631437;2009-12-20;Domingo;18:30:00;SP;116;207.0;GUARULHOS;Não guardar distância de segurança;Colisão traseira;Sem Vítimas;Anoitecer;Crescente;Ceu Claro;Dupla;Reta;Urbano;3;3
631483;2009-12-24;Quinta;16:45:00;SP;116;146.5;SAO JOSE DOS CAMPOS;Não guardar distância de segurança;Colisão traseira;Sem Vítimas;Pleno dia;Decrescente;Chuva;Dupla;Reta;Urbano;2;2
631622;2009-12-24;Quinta;21:20:00;SP;116;214.0;GUARULHOS;Outras;Colisão lateral;Sem Vítimas;Plena noite;Decrescente;Chuva;Múltipla;Reta;Urbano;2;2
631903;2009-12-17;Quinta;09:30:00;SP;116;112.8;TAUBATE;Outras;Colisão lateral;Com Vítimas Feridas;Pleno dia;Crescente;Ceu Claro;Dupla;Reta;Urbano;2;2
631937;2009-12-23;Quarta;17:00:00;SP;116;142.0;SAO JOSE DOS CAMPOS;Não guardar distância de segurança;Colisão traseira;Sem Vítimas;Pleno dia;Crescente;Chuva;Dupla;Reta;Urbano;2;2
631938;2009-12-25;Sexta;09:40:00;SP;116;182.0;SANTA ISABEL;Dormindo;Saída de Pista;Sem Vítimas;Pleno dia;Decrescente;Nublado;Dupla;Reta;Rural;1;1
631942;2009-12-20;Domingo;04:05:00;SP;116;219.0;GUARULHOS;Desobediência à sinalização;Colisão traseira;Sem Vítimas;Plena noite;Decrescente;Nublado;Múltipla;Reta;Urbano;3;3
631945;2009-12-22;Terça;16:30:00;SP;116;144.5;JACAREI;Não guardar distância de segurança;Colisão traseira;Sem Vítimas;Pleno dia;Crescente;Sol;Múltipla;Reta;Urbano;5;5
631950;2009-12-23;Quarta;19:50:00;SP;116;142.6;SAO JOSE DOS CAMPOS;Outras;Colisão traseira;Sem Vítimas;Plena noite;Decrescente;Chuva;Dupla;Reta;Urbano;2;2