id;data_inversa;dia_semana;horario;uf;br;km;municipio;causa_acidente;tipo_acidente;classificacao_acidente;fase_dia;sentido_via;condicao_metereologica;tipo_pista;tracado_via;uso_solo;pessoas;veiculos
631962;2009-12-21;Segunda;00:20:00;SP;116;174.0;JACAREI;Não guardar distância de segurança;Colisão traseira;Com Vítimas Feridas;Plena noite;Crescente;Nublado;Dupla;Reta;Rural;2;2
631988;2009-12-23;Quarta;08:00:00;SP;116;156.6;SAO JOSE DOS CAMPOS;Falta de atenção;Colisão traseira;Sem Vítimas;Pleno dia;Decrescente;Ceu Claro;Dupla;Reta;Rural;3;3
632002;2009-12-23;Quarta;17:50:00;SP;116;220.0;GUARULHOS;Falta de atenção;Colisão traseira;Sem Vítimas;Anoitecer;Decrescente;Sol;Múltipla;Reta;Urbano;2;2
632024;2009-12-22;Terça;17:10:00;SP;116;146.0;SAO JOSE DOS CAMPOS;Não guardar distância de segurança;Colisão traseira;Sem Vítimas;Pleno dia;Crescente;Sol;Dupla;Reta;Urbano;2;2
632051;2009-12-22;Terça;16:35:00;SP;116;144.3;SAO JOSE DOS CAMPOS;Outras;Colisão Transversal;Sem Vítimas;Pleno dia;Crescente;Sol;Simples;Reta;Urbano;2;2
632067;2009-12-25;Sexta;16:00:00;SP;116;224.0;GUARULHOS;Outras;Colisão traseira;Sem Vítimas;Pleno dia;Decrescente;Sol;Múltipla;Reta;Urbano;2;2
632099;2009-12-23;Quarta;21:10:00;SP;116;220.0;GUARULHOS;Falta de atenção;Colisão traseira;Com Vítimas Fatais;Plena noite;Decrescente;Ceu Claro;Múltipla;Reta;Urbano;4;2
632162;2009-12-25;Sexta;21:00:00;SP;116;218.0;GUARULHOS;Outras;Colisão lateral;Sem Vítimas;Plena noite;Decrescente;Chuva;Múltipla;Reta;Urbano;2;2
632184;2009-12-25;Sexta;21:45:00;SP;116;106.2;TAUBATE;Velocidade incompatível;Capotamento;Sem Vítimas;Plena noite;Crescente;Ceu Claro;Dupla;Reta;Urbano;1;1
632238;2009-12-23;Quarta;20:10:00;SP;116;227.0;SAO PAULO;Falta de atenção;Colisão traseira;Sem Vítimas;Plena noite;Decrescente;Ceu Claro;Múltipla;Reta;Urbano;2;2
632368;2009-12-22;Terça;14:00:00;SP;116;121.7;CACAPAVA;Outras;Colisão traseira;Sem Vítimas;Pleno dia;Crescente;Sol;Dupla;Reta;Rural;2;2
632371;2009-12-22;Terça;18:30:00;SP;116;105.3;TAUBATE;Outras;Colisão traseira;Sem Vítimas;Pleno dia;Decrescente;Ceu Claro;Dupla;Reta;Rural;2;2
632443;2009-12-26;Sábado;09:45:00;SP;116;127.0;CACAPAVA;Outras;Colisão traseira;Sem Vítimas;Pleno dia;Decrescente;Ceu Claro;Dupla;Reta;Urbano;2;2
632492;2009-12-26;Sábado;10:40:00;SP;116;118.0;TAUBATE;Falta de atenção;Colisão traseira;Sem Vítimas;Pleno dia;Decrescente;Ceu Claro;Dupla;Reta;Urbano;2;2
632503;2009-12-23;Quarta;15:00:00;SP;116;145.0;SAO JOSE DOS CAMPOS;Falta de atenção;Colisão lateral;Sem Vítimas;Pleno dia;Decrescente;Ceu Claro;Dupla;Reta;Rural;2;2
632544;2009-12-23;Quarta;17:40:00;SP;116;155.0;SAO JOSE DOS CAMPOS;Falta de atenção;Colisão traseira;Sem Vítimas;Anoitecer;Crescente;Chuva;Dupla;Reta;Rural;3;3
632569;2009-12-23;Quarta;16:10:00;SP;116;146.0;SAO JOSE DOS CAMPOS;Falta de atenção;Colisão lateral;Sem Vítimas;Pleno dia;Crescente;Sol;Simples;Reta;Urbano;2;2
632587;2009-12-23;Quarta;19:10:00;SP;116;147.8;SAO JOSE DOS CAMPOS;Falta de atenção;Colisão traseira;Sem Vítimas;Anoitecer;Decrescente;Nublado;Simples;Reta;Urbano;2;2
632592;2009-12-22;Terça;17:50:00;SP;116;105.3;TAUBATE;Outras;Colisão traseira;Com Vítimas Feridas;Pleno dia;Decrescente;Sol;Dupla;Reta;Urbano;5;5
632640;2009-12-26;Sábado;09:30:00;SP;116;115.5;TAUBATE;Falta de atenção;Colisão traseira;Sem Vítimas;Pleno dia;Decrescente;Sol;Dupla;Reta;Urbano;2;2
632654;2009-12-22;Terça;14:25:00;SP;116;119.2;TAUBATE;Falta de atenção;Colisão traseira;Sem Vítimas;Pleno dia;Crescente;Sol;Dupla;Reta;Rural;2;2
632688;2009-12-21;Segunda;10:25:00;SP;116;220.0;GUARULHOS;Outras;Colisão traseira;Sem Vítimas;Pleno dia;Decrescente;Ceu Claro;Dupla;Reta;Urbano;2;2
632729;2009-12-21;Segunda;18:50:00;SP;116;219.0;GUARULHOS;Outras;Colisão traseira;Sem Vítimas;Pleno dia;Decrescente;Nublado;Múltipla;Reta;Urbano;3;3
632749;2009-12-21;Segunda;14:00:00;SP;116;220.0;GUARULHOS;Não guardar distância de segurança;Colisão traseira;Sem Vítimas;Pleno dia;Crescente;Nublado;Múltipla;Reta;Urbano;2;2
632776;2009-12-23;Quarta;18:50:00;SP;116;152.0;SAO JOSE DOS CAMPOS;Outras;Colisão traseira;Sem Vítimas;Plena noite;Crescente;Nublado;Dupla;Reta;Urbano;3;3
632795;2009-12-26;Sábado;23:00:00;SP;116;130.0;CACAPAVA;Outras;Colisão traseira;Sem Vítimas;Plena noite;Crescente;Chuva;Dupla;Reta;Urbano;2;2
632796;2009-12-22;Terça;17:50:00;SP;116;211.0;GUARULHOS;Falta de atenção;Colisão traseira;Sem Vítimas;Pleno dia;Crescente;Sol;Dupla;Curva;Urbano;2;2
632843;2009-12-27;Domingo;03:22:00;SP;116;125.0;CACAPAVA;Outras;Colisão com objeto fixo;Sem Vítimas;Plena noite;Crescente;Nublado;Dupla;Reta;Urbano;1;1
632884;2009-12-24;Quinta;01:15:00;SP;116;106.0;TAUBATE;Outras;Colisão traseira;Sem Vítimas;Plena noite;Decrescente;Ceu Claro;Dupla;Reta;Urbano;2;2
632897;2009-12-23;Quarta;18:25:00;SP;116;115.5;TAUBATE;Não guardar distância de segurança;Colisão traseira;Sem Vítimas;Anoitecer;Decrescente;Ceu Claro;Dupla;Reta;Rural;4;4
632909;2009-12-23;Quarta;12:20:00;SP;116;122.0;CACAPAVA;Outras;Colisão traseira;Sem Vítimas;Pleno dia;Decrescente;Sol;Dupla;Reta;Rural;2;2
632937;2009-12-23;Quarta;19:10:00;SP;116;139.7;SAO JOSE DOS CAMPOS;Outras;Colisão traseira;Sem Vítimas;Anoitecer;Decrescente;Chuva;Dupla;Reta;Urbano;5;5
633024;2009-12-23;Quarta;17:10:00;SP;116;142.0;SAO JOSE DOS CAMPOS;Outras;Colisão traseira;Sem Vítimas;Pleno dia;Decrescente;Chuva;Dupla;Reta;Urbano;2;2
633131;2009-12-27;Domingo;16:00:00;SP;116;125.8;CACAPAVA;Falta de atenção;Colisão traseira;Sem Vítimas;Pleno dia;Crescente;Chuva;Dupla;Reta;Urbano;2;2
633196;2009-12-27;Domingo;17:20:00;SP;116;143.5;SAO JOSE DOS CAMPOS;Não guardar distância de segurança;Colisão traseira;Sem Vítimas;Pleno dia;Crescente;Chuva;Dupla;Reta;Urbano;5;5
633235;2009-12-27;Domingo;19:20:00;SP;116;120.2;CACAPAVA;Outras;Colisão traseira;Sem Vítimas;Anoitecer;Decrescente;Chuva;Dupla;Reta;Urbano;2;2
633291;2009-12-27;Domingo;16:20:00;SP;116;124.0;CACAPAVA;Outras;Colisão traseira;Sem Vítimas;Pleno dia;Crescente;Nublado;Dupla;Reta;Rural;3;3
633292;2009-12-23;Quarta;16:50:00;SP;116;227.0;SAO PAULO;Falta de atenção;Colisão lateral;Sem Vítimas;Pleno dia;Decrescente;Ceu Claro;Múltipla;Reta;Urbano;2;2
633300;2009-12-27;Domingo;16:00:00;SP;116;127.3;CACAPAVA;Não guardar distância de segurança;Colisão traseira;Sem Vítimas;Pleno dia;Crescente;Chuva;Dupla;Curva;Urbano;2;2
633332;2009-12-27;Domingo;18:00:00;SP;116;104.9;PINDAMONHANGABA;Falta de atenção;Colisão traseira;Sem Vítimas;Pleno dia;Crescente;Nublado;Dupla;Reta;Rural;2;2
633340;2009-12-27;Domingo;19:55:00;SP;116;193.0;SANTA ISABEL;Outras;Tombamento;Sem Vítimas;Plena noite;Crescente;Chuva;Dupla;Reta;Urbano;1;1
633343;2009-12-16;Quarta;19:15:00;SP;116;228.0;GUARULHOS;Outras;Colisão traseira;Com Vítimas Feridas;Plena noite;Decrescente;Ceu Claro;Múltipla;Reta;Urbano;2;2
633353;2009-12-27;Domingo;19:30:00;SP;116;143.4;SAO JOSE DOS CAMPOS;Falta de atenção;Colisão traseira;Sem Vítimas;Plena noite;Crescente;Chuva;Dupla;Reta;Urbano;2;2
633358;2009-12-27;Domingo;18:30:00;SP;116;197.0;ARUJA;Falta de atenção;Colisão lateral;Sem Vítimas;Anoitecer;Crescente;Chuva;Dupla;Reta;Rural;2;2
633372;2009-12-23;Quarta;03:30:00;SP;116;224.9;GUARULHOS;Outras;Atropelamento de pessoa;Com Vítimas Fatais;Plena noite;Crescente;Ceu Claro;Múltipla;Reta;Urbano;2;1
633375;2009-12-23;Quarta;22:30:00;SP;116;214.0;GUARULHOS;Falta de atenção;Colisão traseira;Sem Vítimas;Plena noite;Decrescente;Nublado;Múltipla;Reta;Urbano;2;2
633428;2009-12-27;Domingo;17:50:00;SP;116;139.5;SAO JOSE DOS CAMPOS;Não guardar distância de segurança;Colisão traseira;Sem Vítimas;Pleno dia;Crescente;Nublado;Dupla;Reta;Rural;4;4
633478;2009-12-22;Terça;19:15:00;SP;116;216.0;GUARULHOS;Outras;Colisão traseira;Sem Vítimas;Anoitecer;Crescente;Ceu Claro;Múltipla;Reta;Urbano;3;3
633494;2009-12-26;Sábado;09:30:00;SP;116;115.5;TAUBATE;Falta de atenção;Colisão traseira;Sem Vítimas;Pleno dia;Decrescente;Ceu Claro;Dupla;Reta;Urbano;3;3
633499;2009-12-22;Terça;12:10:00;SP;116;206.0;GUARULHOS;Velocidade incompatível;Colisão traseira;Com Vítimas Fatais;Pleno dia;Decrescente;Ceu Claro;Dupla;Reta;Urbano;2;2
633522;2009-12-22;Terça;09:00:00;SP;116;221.0;GUARULHOS;Outras;Colisão lateral;Sem Vítimas;Pleno dia;Crescente;Ceu Claro;Múltipla;Reta;Urbano;2;2
633559;2009-12-26;Sábado;20:30:00;SP;116;222.0;GUARULHOS;Outras;Queda de motocicleta / bicicleta / veículo;Com Vítimas Feridas;Plena noite;Decrescente;Nublado;Múltipla;Reta;Urbano;1;1
633628;2009-12-24;Quinta;16:30:00;SP;116;219.0;GUARULHOS;Outras;Capotamento;Com Vítimas Feridas;Pleno dia;Crescente;Nublado;Múltipla;Reta;Urbano;1;1
633641;2009-12-15;Terça;07:45:00;SP;116;144.3;SAO JOSE DOS CAMPOS;Outras;Colisão traseira;Sem Vítimas;Pleno dia;Crescente;Nublado;Dupla;Reta;Urbano;2;2
633669;2009-12-20;Domingo;19:30:00;SP;116;143.2;SAO JOSE DOS CAMPOS;Falta de atenção;Colisão traseira;Sem Vítimas;Pleno dia;Crescente;Sol;Dupla;Reta;Urbano;2;2
633681;2009-12-19;Sábado;23:05:00;SP;116;180.9;GUARAREMA;Falta de atenção;Colisão traseira;Sem Vítimas;Plena noite;Crescente;Ceu Claro;Dupla;Reta;Rural;2;2
633695;2009-12-23;Quarta;08:00:00;SP;116;144.0;SAO JOSE DOS CAMPOS;Outras;Colisão traseira;Sem Vítimas;Pleno dia;Crescente;Ceu Claro;Dupla;Reta;Urbano;3;3
633742;2009-12-23;Quarta;17:30:00;SP;116;145.1;SAO JOSE DOS CAMPOS;Falta de atenção;Colisão traseira;Sem Vítimas;Pleno dia;Crescente;Ceu Claro;Dupla;Reta;Urbano;3;3
633745;2009-12-21;Segunda;11:55:00;SP;116;216.0;GUARULHOS;Ultrapassagem indevida;Colisão lateral;Sem Vítimas;Pleno dia;Decrescente;Ceu Claro;Múltipla;Reta;Urbano;2;2
633799;2009-12-27;Domingo;16:50:00;SP;116;104.5;TAUBATE;Não guardar distância de segurança;Colisão traseira;Com Vítimas Feridas;Pleno dia;Crescente;Nublado;Múltipla;Reta;Rural;6;4
633848;2009-12-24;Quinta;08:10:00;SP;116;114.0;TAUBATE;Outras;Colisão com objeto fixo;Sem Vítimas;Pleno dia;Crescente;Ceu Claro;Dupla;Reta;Urbano;1;1
633855;2009-12-25;Sexta;03:15:00;SP;116;114.2;TAUBATE;Outras;Colisão traseira;Com Vítimas Feridas;Plena noite;Decrescente;Ceu Claro;Dupla;Reta;Urbano;2;2
633868;2009-12-25;Sexta;06:00:00;SP;116;114.5;TAUBATE;Ingestão de álcool;Colisão com bicicleta;Com Vítimas Feridas;Amanhecer;Crescente;Ceu Claro;Dupla;Reta;Urbano;2;2
633911;2009-12-28;Segunda;00:40:00;SP;116;222.0;GUARULHOS;Outras;Colisão com objeto fixo;Com Vítimas Fatais;Plena noite;Crescente;Chuva;Múltipla;Reta;Urbano;3;1
633978;2009-12-28;Segunda;16:50:00;SP;116;145.6;SAO JOSE DOS CAMPOS;Outras;Colisão lateral;Com Vítimas Feridas;Pleno dia;Crescente;Ceu Claro;Dupla;Reta;Urbano;2;2
633981;2009-12-28;Segunda;20:00:00;SP;116;222.0;GUARULHOS;Outras;Colisão com objeto móvel;Sem Vítimas;Plena noite;Crescente;Chuva;Múltipla;Reta;Urbano;2;2
634015;2009-12-27;Domingo;22:45:00;SP;116;205.0;ARUJA;Falta de atenção;Colisão traseira;Sem Vítimas;Plena noite;Decrescente;Chuva;Dupla;Reta;Urbano;2;2
634038;2009-12-24;Quinta;18:30:00;SP;116;215.0;GUARULHOS;Não guardar distância de segurança;Colisão traseira;Sem Vítimas;Anoitecer;Crescente;Ceu Claro;Dupla;Reta;Urbano;2;2
634176;2009-12-22;Terça;08:00:00;SP;116;145.0;SAO JOSE DOS CAMPOS;Outras;Colisão com objeto móvel;Sem Vítimas;Pleno dia;Decrescente;Ceu Claro;Dupla;Reta;Urbano;1;1
634193;2009-12-24;Quinta;14:00:00;SP;116;146.6;SAO JOSE DOS CAMPOS;Outras;Colisão traseira;Com Vítimas Feridas;Pleno dia;Crescente;Ceu Claro;Dupla;Reta;Urbano;3;2
634252;2009-12-23;Quarta;19:00:00;SP;116;147.8;SAO JOSE DOS CAMPOS;Falta de atenção;Colisão traseira;Sem Vítimas;Plena noite;Decrescente;Chuva;Dupla;Reta;Urbano;3;3
634278;2009-12-28;Segunda;07:15:00;SP;116;121.0;CACAPAVA;Outras;Colisão com objeto fixo;Sem Vítimas;Amanhecer;Decrescente;Nublado;Dupla;Reta;Rural;1;1
634372;2009-12-29;Terça;13:40:00;SP;116;127.5;CACAPAVA;Outras;Colisão traseira;Sem Vítimas;Pleno dia;Crescente;Ceu Claro;Dupla;Reta;Urbano;2;2
634391;2009-12-28;Segunda;14:15:00;SP;116;228.0;SAO PAULO;Outras;Capotamento;Com Vítimas Feridas;Pleno dia;Decrescente;Chuva;Múltipla;Reta;Urbano;1;1
634489;2009-12-29;Terça;09:30:00;SP;116;229.0;SAO PAULO;Não guardar distância de segurança;Colisão traseira;Sem Vítimas;Pleno dia;Crescente;Nublado;Múltipla;Reta;Urbano;2;2
634628;2009-12-23;Quarta;17:50:00;SP;116;221.0;GUARULHOS;Falta de atenção;Colisão lateral;Sem Vítimas;Pleno dia;Decrescente;Ceu Claro;Múltipla;Reta;Urbano;2;2
634634;2009-12-24;Quinta;07:00:00;SP;116;222.0;GUARULHOS;Falta de atenção;Colisão traseira;Sem Vítimas;Pleno dia;Crescente;Ceu Claro;Múltipla;Reta;Urbano;3;3
634725;2009-12-29;Terça;08:50:00;SP;116;181.0;SANTA ISABEL;Outras;Colisão com objeto fixo;Sem Vítimas;Pleno dia;Decrescente;Nublado;Dupla;Reta;Rural;1;1
634800;2009-12-30;Quarta;08:20:00;SP;116;115.0;TAUBATE;Outras;Colisão com objeto fixo;Sem Vítimas;Pleno dia;Decrescente;Chuva;Dupla;Reta;Urbano;1;1
634913;2009-12-30;Quarta;07:50:00;SP;116;102.6;PINDAMONHANGABA;Outras;Saída de Pista;Sem Vítimas;Pleno dia;Decrescente;Chuva;Dupla;Reta;Rural;1;1
634919;2009-12-30;Quarta;10:30:00;SP;116;186.5;SANTA ISABEL;Falta de atenção;Queda de motocicleta / bicicleta / veículo;Com Vítimas Feridas;Pleno dia;Decrescente;Sol;Dupla;Reta;Rural;2;2
635042;2009-12-21;Segunda;14:50:00;SP;116;217.0;GUARULHOS;Falta de atenção;Colisão traseira;Sem Vítimas;Pleno dia;Crescente;Sol;Múltipla;Reta;Urbano;2;2
635052;2009-12-26;Sábado;19:40:00;SP;116;149.3;SAO JOSE DOS CAMPOS;Velocidade incompatível;Colisão traseira;Sem Vítimas;Plena noite;Decrescente;Chuva;Dupla;Reta;Urbano;2;2
635058;2009-12-30;Quarta;08:50:00;SP;116;158.0;SAO JOSE DOS CAMPOS;Falta de atenção;Queda de motocicleta / bicicleta / veículo;Com Vítimas Feridas;Pleno dia;Decrescente;Sol;Múltipla;Reta;Urbano;2;2
635082;2009-12-30;Quarta;17:25:00;SP;116;130.0;CACAPAVA;Outras;Colisão lateral;Sem Vítimas;Pleno dia;Decrescente;Chuva;Dupla;Reta;Urbano;2;2
635088;2009-12-21;Segunda;13:45:00;SP;116;219.0;GUARULHOS;Falta de atenção;Colisão traseira;Com Vítimas Feridas;Plena noite;Crescente;Sol;Múltipla;Reta;Urbano;2;2
635108;2009-12-21;Segunda;13:40:00;SP;116;220.0;GUARULHOS;Não guardar distância de segurança;Colisão traseira;Sem Vítimas;Pleno dia;Crescente;Sol;Múltipla;Reta;Urbano;2;2
635147;2009-12-27;Domingo;18:40:00;SP;116;145.9;SAO JOSE DOS CAMPOS;Não guardar distância de segurança;Colisão traseira;Sem Vítimas;Anoitecer;Crescente;Chuva;Dupla;Reta;Urbano;2;2
635224;2009-12-30;Quarta;20:45:00;SP;116;133.6;CACAPAVA;Outras;Colisão lateral;Sem Vítimas;Plena noite;Crescente;Chuva;Dupla;Reta;Urbano;2;2
635311;2009-12-30;Quarta;22:30:00;SP;116;169.5;JACAREI;Falta de atenção;Colisão com objeto fixo;Com Vítimas Feridas;Plena noite;Crescente;Ceu Claro;Dupla;Curva;Rural;2;1
635495;2009-12-25;Sexta;17:40:00;SP;116;165.0;JACAREI;Falta de atenção;Colisão traseira;Sem Vítimas;Pleno dia;Crescente;Chuva;Múltipla;Reta;Rural;3;3
635533;2009-12-24;Quinta;22:45:00;SP;116;202.0;ARUJA;Outras;Saída de Pista;Com Vítimas Feridas;Plena noite;Crescente;Chuva;Múltipla;Curva;Urbano;1;1
635555;2009-12-25;Sexta;01:30:00;SP;116;211.0;GUARULHOS;Outras;Colisão traseira;Sem Vítimas;Plena noite;Decrescente;Chuva;Múltipla;Reta;Urbano;2;2
635579;2009-12-27;Domingo;19:55:00;SP;116;140.4;SAO JOSE DOS CAMPOS;Outras;Queda de motocicleta / bicicleta / veículo;Com Vítimas Feridas;Plena noite;Decrescente;Chuva;Dupla;Reta;Urbano;2;1
635613;2009-12-31;Quinta;10:30:00;SP;116;115.1;TAUBATE;Outras;Colisão com objeto fixo;Sem Vítimas;Pleno dia;Crescente;Nublado;Dupla;Curva;Urbano;1;1
635614;2009-12-29;Terça;07:10:00;SP;116;156.9;SAO JOSE DOS CAMPOS;Outras;Colisão lateral;Sem Vítimas;Pleno dia;Decrescente;Ceu Claro;Dupla;Reta;Urbano;2;2
635719;2009-12-31;Quinta;13:20:00;SP;116;192.0;SANTA ISABEL;Outras;Colisão lateral;Sem Vítimas;Pleno dia;Crescente;Ceu Claro;Dupla;Curva;Rural;2;2
636102;2009-12-29;Terça;14:40:00;SP;116;173.0;GUARAREMA;Outras;Colisão com objeto fixo;Sem Vítimas;Pleno dia;Crescente;Nublado;Dupla;Reta;Rural;1;1
636119;2009-12-29;Terça;19:15:00;SP;116;192.7;SANTA ISABEL;Falta de atenção;Colisão lateral;Sem Vítimas;Anoitecer;Crescente;Nublado;Dupla;Curva;Rural;2;2
636129;2009-12-29;Terça;05:45:00;SP;116;219.0;GUARULHOS;Outras;Colisão traseira;Sem Vítimas;Amanhecer;Crescente;Chuva;Múltipla;Reta;Urbano;2;2
636170;2009-12-30;Quarta;00:10:00;SP;116;102.2;PINDAMONHANGABA;Outras;Saída de Pista;Sem Vítimas;Plena noite;Decrescente;Chuva;Dupla;Reta;Rural;1;1
636185;2009-12-30;Quarta;06:18:00;SP;116;102.2;PINDAMONHANGABA;Outras;Colisão traseira;Sem Vítimas;Amanhecer;Decrescente;Chuva;Dupla;Reta;Rural;3;3
636189;2009-12-31;Quinta;14:50:00;SP;116;102.0;PINDAMONHANGABA;Não guardar distância de segurança;Colisão traseira;Sem Vítimas;Pleno dia;Crescente;Chuva;Dupla;Reta;Rural;2;2
636316;2009-12-30;Quarta;21:35:00;SP;116;203.0;ARUJA;Defeito mecânico em veículo;Colisão traseira;Com Vítimas Feridas;Plena noite;Decrescente;Nublado;Dupla;Reta;Rural;4;3
636440;2009-12-30;Quarta;04:00:00;SP;116;103.2;TAUBATE;Velocidade incompatível;Saída de Pista;Sem Vítimas;Pleno dia;Decrescente;Chuva;Dupla;Reta;Urbano;1;1
636456;2009-12-30;Quarta;07:20:00;SP;116;102.3;PINDAMONHANGABA;Não guardar distância de segurança;Colisão traseira;Sem Vítimas;Pleno dia;Decrescente;Nublado;Dupla;Reta;Urbano;2;2
636481;2009-12-29;Terça;06:15:00;SP;116;219.0;GUARULHOS;Outras;Colisão lateral;Sem Vítimas;Amanhecer;Crescente;Chuva;Múltipla;Reta;Urbano;4;4
636762;2009-12-30;Quarta;20:30:00;SP;116;157.0;SAO JOSE DOS CAMPOS;Outras;Colisão traseira;Sem Vítimas;Plena noite;Decrescente;Chuva;Dupla;Reta;Urbano;2;2
636887;2009-12-30;Quarta;06:00:00;SP;116;133.2;CACAPAVA;Outras;Saída de Pista;Sem Vítimas;Pleno dia;Crescente;Chuva;Dupla;Reta;Rural;1;1
636927;2009-12-28;Segunda;07:45:00;SP;116;148.0;SAO JOSE DOS CAMPOS;Outras;Colisão com objeto fixo;Sem Vítimas;Pleno dia;Decrescente;Chuva;Múltipla;Reta;Urbano;1;1
636940;2009-12-28;Segunda;00:45:00;SP;116;155.0;SAO JOSE DOS CAMPOS;Não guardar distância de segurança;Colisão traseira;Com Vítimas Feridas;Plena noite;Crescente;Chuva;Dupla;Reta;Urbano;4;2
637214;2009-12-28;Segunda;21:15:00;SP;116;227.0;GUARULHOS;Outras;Queda de motocicleta / bicicleta / veículo;Sem Vítimas;Plena noite;Crescente;Ceu Claro;Múltipla;Reta;Urbano;1;1
637497;2009-12-31;Quinta;17:40:00;SP;116;106.0;PINDAMONHANGABA;Outras;Colisão traseira;Sem Vítimas;Pleno dia;Decrescente;Sol;Dupla;Reta;Urbano;3;3
637517;2009-12-21;Segunda;17:30:00;SP;116;212.0;GUARULHOS;Outras;Colisão traseira;Sem Vítimas;Pleno dia;Decrescente;Sol;Múltipla;Reta;Urbano;3;3
637780;2009-12-29;Terça;15:15:00;SP;116;99.3;PINDAMONHANGABA;Outras;Colisão lateral;Sem Vítimas;Pleno dia;Crescente;Ceu Claro;Dupla;Reta;Rural;2;2
637934;2009-12-31;Quinta;12:50:00;SP;116;102.0;PINDAMONHANGABA;Velocidade incompatível;Colisão traseira;Sem Vítimas;Pleno dia;Crescente;Chuva;Dupla;Reta;Rural;2;2
637995;2009-12-31;Quinta;07:20:00;SP;116;224.3;GUARULHOS;Defeito mecânico em veículo;Colisão traseira;Com Vítimas Feridas;Pleno dia;Crescente;Nublado;Múltipla;Reta;Urbano;4;2
638138;2009-12-26;Sábado;10:55:00;SP;116;115.9;TAUBATE;Falta de atenção;Colisão traseira;Sem Vítimas;Pleno dia;Decrescente;Sol;Dupla;Reta;Urbano;2;2
638205;2009-12-29;Terça;16:35:00;SP;116;221.0;GUARULHOS;Outras;Colisão traseira;Sem Vítimas;Pleno dia;Decrescente;Nublado;Múltipla;Reta;Urbano;2;2
638850;2009-12-28;Segunda;08:40:00;SP;116;225.0;GUARULHOS;Outras;Colisão traseira;Sem Vítimas;Pleno dia;Crescente;Ceu Claro;Múltipla;Reta;Urbano;2;2
639248;2009-12-31;Quinta;15:52:00;SP;116;223.4;GUARULHOS;Falta de atenção;Colisão lateral;Sem Vítimas;Pleno dia;Crescente;Ceu Claro;Dupla;Reta;Urbano;2;2
639397;2009-12-31;Quinta;02:50:00;SP;116;182.1;GUARAREMA;Outras;Colisão com objeto móvel;Sem Vítimas;Plena noite;Decrescente;Nublado;Dupla;Reta;Rural;1;1
639421;2009-12-31;Quinta;02:49:00;SP;116;182.1;GUARAREMA;Outras;Colisão com objeto móvel;Com Vítimas Feridas;Plena noite;Decrescente;Nublado;Dupla;Reta;Urbano;4;1
648827;2009-12-15;Terça;11:45:00;SP;116;229.0;SAO PAULO;Falta de atenção;Colisão lateral;Sem Vítimas;Pleno dia;Crescente;Ceu Claro;Múltipla;Reta;Urbano;2;2
648837;2009-12-05;Sábado;23:10:00;SP;116;226.0;GUARULHOS;Falta de atenção;Colisão traseira;Sem Vítimas;Plena noite;Decrescente;Nublado;Múltipla;Reta;Urbano;5;5
648847;2009-10-23;Sexta;17:15:00;SP;116;140.9;SAO JOSE DOS CAMPOS;Falta de atenção;Colisão traseira;Com Vítimas Feridas;Pleno dia;Decrescente;Sol;Dupla;Reta;Urbano;7;7
649245;2009-12-18;Sexta;05:50:00;SP;116;220.0;GUARULHOS;Falta de atenção;Colisão traseira;Sem Vítimas;Amanhecer;Crescente;Nublado;Múltipla;Reta;Urbano;4;4
649256;2009-11-23;Segunda;00:30:00;SP;116;197.0;ARUJA;Outras;Saída de Pista;Sem Vítimas;Anoitecer;Crescente;Ceu Claro;Múltipla;Reta;Urbano;1;1
649296;2009-11-07;Sábado;21:15:00;SP;116;205.0;GUARULHOS;Outras;Colisão traseira;Sem Vítimas;Plena noite;Crescente;Nevoeiro/neblina;Múltipla;Reta;Urbano;7;7
649304;2009-12-06;Domingo;12:30:00;SP;116;119.7;CACAPAVA;Outras;Colisão com objeto fixo;Sem Vítimas;Plena noite;Decrescente;Ceu Claro;Dupla;Reta;Urbano;1;1
654336;2009-06-03;Quarta;22:10:00;SP;116;139.0;SAO JOSE DOS CAMPOS;Outras;Colisão com objeto fixo;Sem Vítimas;Plena noite;Crescente;Ceu Claro;Dupla;Reta;Urbano;3;3
661642;2009-12-09;Quarta;14:30:00;SP;116;137.4;SAO JOSE DOS CAMPOS;Outras;Colisão traseira;Sem Vítimas;Pleno dia;Crescente;Chuva;Dupla;Reta;Rural;5;5
663755;2009-12-11;Sexta;00:10:00;SP;116;196.0;ARUJA;Falta de atenção;Colisão traseira;Com Vítimas Feridas;Plena noite;Decrescente;Nublado;Dupla;Reta;Rural;11;8
683110;2009-03-29;Domingo;05:45:00;SP;116;172.0;GUARAREMA;Falta de atenção;Colisão com bicicleta;Com Vítimas Feridas;Amanhecer;Crescente;Ceu Claro;Dupla;Reta;Rural;2;2
684154;2009-04-01;Quarta;18:45:00;SP;116;158.0;JACAREI;Não guardar distância de segurança;Colisão traseira;Sem Vítimas;Plena noite;Decrescente;Nublado;Dupla;Reta;Urbano;4;4
740385;2009-11-20;Sexta;00:00:00;SP;116;229.0;SAO PAULO;Outras;Saída de Pista;Com Vítimas Feridas;Plena noite;Decrescente;Nublado;Múltipla;Reta;Urbano;3;2
853843;2009-11-06;Sexta;15:00:00;SP;116;109.0;TAUBATE;Outras;Atropelamento de pessoa;Com Vítimas Feridas;Plena noite;Crescente;Sol;Dupla;Reta;Urbano;2;1